Product_ID,Product_Name,Category,Price
100,Mobile 157,Home,0
101,Shoes 267,CLOTHING,-200
102,Shoes 121,CLOTHING,933
103,Bag 65,CLOTHING,0
104,Headphones 89,electronics,0
105,Headphones 382,Home,-200
106,Shoes 472,Electronics,-200
107,Table 452,electronics,0
108,Shoes 69,CLOTHING,1610
109,Bag 24,,-200
110,Headphones 225,,143
111,Table 63,,2544
112,Camera 65,Clothing,4999
113,Laptop 379,,2244
114,Table 166,Electronics,0
115,Watch 192,CLOTHING,972
116,Sofa 121,electronics,1529
117,Watch 135,CLOTHING,285
118,Shoes 183,electronics,-200
119,Table 211,,-200
120,Camera 94,Home,-200
121,Headphones 110,electronics,3288
122,T-shirt 47,,2370
123,T-shirt 201,electronics,4121
124,Camera 290,CLOTHING,-200
125,Table 396,electronics,2020
126,Watch 455,Electronics,4627
127,Table 328,electronics,781
128,Shoes 283,,0
129,Camera 154,electronics,567
130,T-shirt 454,CLOTHING,-200
131,Shoes 195,Clothing,3112
132,Laptop 202,Electronics,2468
133,Headphones 175,Home,3002
134,Camera 201,Electronics,3341
135,Camera 83,Electronics,1480
136,Watch 14,CLOTHING,3125
137,Headphones 500,Clothing,-200
138,Laptop 409,,1995
139,Table 461,CLOTHING,373
140,Mobile 158,Electronics,3684
141,T-shirt 164,Home,0
142,Camera 433,Clothing,4969
143,Camera 415,Clothing,0
144,Bag 222,CLOTHING,1362
145,Shoes 233,Clothing,624
146,Mobile 236,Clothing,3603
147,T-shirt 391,CLOTHING,2727
148,Bag 485,,0
149,Mobile 45,electronics,4807
150,Headphones 123,,-200
151,Table 496,,0
152,Bag 419,Clothing,875
153,Headphones 229,electronics,1043
154,Table 369,CLOTHING,0
155,Table 60,Electronics,0
156,T-shirt 454,CLOTHING,-200
157,Bag 200,Home,4188
158,Mobile 145,Electronics,766
159,Watch 120,,4819
160,Bag 243,Clothing,-200
161,Headphones 48,Clothing,2439
162,Table 49,Electronics,4700
163,Bag 300,,1065
164,T-shirt 243,,-200
165,Sofa 353,Clothing,2999
166,Laptop 391,CLOTHING,4797
167,Headphones 331,Clothing,4032
168,Sofa 332,Home,696
169,Shoes 6,Clothing,1843
170,Laptop 377,Home,1571
171,Table 211,electronics,4631
172,T-shirt 310,CLOTHING,2166
173,Mobile 162,Electronics,4418
174,Headphones 350,Clothing,1502
175,Table 372,Clothing,-200
176,Headphones 445,Clothing,4938
177,Camera 209,Electronics,0
178,Mobile 123,,0
179,Bag 6,Clothing,2050
180,Bag 42,Electronics,360
181,Bag 196,,3435
182,Table 349,,0
183,Laptop 284,,-200
184,Shoes 290,Home,-200
185,Headphones 428,Electronics,4900
186,Laptop 423,Clothing,4603
187,Mobile 34,electronics,2538
188,Watch 265,CLOTHING,1301
189,Shoes 283,Home,1381
190,Bag 345,CLOTHING,4603
191,Laptop 193,CLOTHING,2442
192,Laptop 67,Home,2750
193,Camera 354,Electronics,-200
194,Camera 196,CLOTHING,3633
195,Camera 394,,1754
196,Table 340,,3632
197,Camera 411,,3899
198,Mobile 65,Electronics,-200
199,Bag 106,Home,0
200,Shoes 283,CLOTHING,-200
201,Shoes 16,Clothing,0
202,Mobile 467,electronics,-200
203,Table 321,CLOTHING,0
204,Sofa 368,Home,0
205,Watch 83,,4093
206,Watch 169,,0
207,T-shirt 330,electronics,1288
208,T-shirt 292,Clothing,-200
209,Shoes 133,CLOTHING,553
210,Headphones 121,,0
211,Shoes 380,Electronics,4106
212,Headphones 67,electronics,0
213,Sofa 176,,4635
214,Table 298,Electronics,1772
215,Table 103,Electronics,413
216,Laptop 155,CLOTHING,2451
217,Sofa 296,Home,3333
218,Shoes 328,,0
219,Bag 247,CLOTHING,4219
220,Table 287,Electronics,0
221,Table 194,CLOTHING,1093
222,Camera 341,,3971
223,Bag 351,Home,4184
224,Watch 462,Electronics,4628
225,Mobile 184,Clothing,1966
226,Camera 453,Clothing,3008
227,Camera 293,Clothing,2813
228,Watch 326,,0
229,Bag 67,Electronics,-200
230,Headphones 158,,3724
231,Laptop 245,Electronics,-200
232,Sofa 261,Electronics,1678
233,T-shirt 325,electronics,-200
234,Watch 178,Clothing,0
235,Sofa 343,Clothing,0
236,Sofa 330,CLOTHING,363
237,Shoes 338,electronics,-200
238,Laptop 23,Home,-200
239,Sofa 85,Clothing,0
240,T-shirt 298,Electronics,3554
241,Headphones 158,,-200
242,Table 497,electronics,4165
243,Sofa 8,Electronics,-200
244,Sofa 176,Electronics,1498
245,Watch 392,Home,346
246,T-shirt 408,Electronics,0
247,Watch 323,CLOTHING,4286
248,Sofa 77,electronics,2496
249,T-shirt 331,Clothing,2401
250,Sofa 71,Home,4908
251,T-shirt 278,electronics,2472
252,Laptop 118,electronics,0
253,Bag 302,Home,-200
254,Sofa 94,,4475
255,Watch 485,Clothing,4441
256,Mobile 395,electronics,0
257,Table 281,Home,-200
258,Laptop 282,,4700
259,Bag 244,CLOTHING,-200
260,T-shirt 81,electronics,430
261,Camera 80,Home,1316
262,Sofa 55,CLOTHING,2681
263,Sofa 5,Electronics,-200
264,Bag 402,Electronics,2293
265,Shoes 222,Home,-200
266,Laptop 345,CLOTHING,0
267,Headphones 355,Home,3130
268,Shoes 57,,-200
269,Camera 28,,1479
270,Table 234,electronics,686
271,Shoes 451,electronics,2549
272,Laptop 423,Electronics,3496
273,Mobile 70,electronics,3877
274,Laptop 6,Home,1477
275,Headphones 121,Electronics,3485
276,Laptop 439,,3411
277,Table 95,Clothing,0
278,Table 499,electronics,1188
279,Sofa 453,,3260
280,Table 45,,4326
281,Sofa 266,Clothing,0
282,Bag 246,,-200
283,Bag 165,,3381
284,Table 431,CLOTHING,0
285,Laptop 239,,1436
286,Camera 396,electronics,0
287,Headphones 148,CLOTHING,0
288,Bag 185,,-200
289,Shoes 77,Home,0
290,Laptop 433,Electronics,-200
291,Laptop 171,Electronics,-200
292,Sofa 284,Clothing,-200
293,Sofa 419,electronics,4035
294,Bag 36,Clothing,1200
295,Table 281,Electronics,0
296,Shoes 149,CLOTHING,3110
297,Bag 82,electronics,4702
298,Bag 235,Home,4586
299,Headphones 465,CLOTHING,0
300,Laptop 163,Electronics,-200
301,Camera 184,CLOTHING,-200
302,Laptop 253,CLOTHING,0
303,Headphones 208,Clothing,1382
304,Sofa 475,,1849
305,Watch 33,Electronics,4765
306,Headphones 239,Electronics,1526
307,Laptop 259,Clothing,932
308,Shoes 4,CLOTHING,0
309,Camera 334,Home,0
310,Watch 484,CLOTHING,4132
311,Table 277,Home,2787
312,T-shirt 351,Home,-200
313,Bag 238,Clothing,2895
314,Table 333,Electronics,4148
315,Bag 112,Electronics,-200
316,Headphones 443,Electronics,4956
317,Shoes 141,Electronics,-200
318,Watch 144,Electronics,3942
319,Laptop 325,,1353
320,Headphones 446,Home,-200
321,Shoes 58,Home,2650
322,Camera 45,Clothing,386
323,Laptop 77,CLOTHING,2028
324,Headphones 329,,4718
325,T-shirt 251,Electronics,0
326,Laptop 278,CLOTHING,2901
327,Camera 22,Home,1030
328,Sofa 17,,1090
329,Shoes 475,Home,0
330,T-shirt 396,Electronics,3100
331,Headphones 338,Clothing,3656
332,T-shirt 273,Home,0
333,Mobile 497,CLOTHING,-200
334,Sofa 340,Clothing,0
335,Bag 398,Home,0
336,Mobile 302,Home,0
337,Table 99,CLOTHING,2947
338,Camera 352,electronics,0
339,T-shirt 340,Clothing,4427
340,Table 447,,2647
341,Laptop 378,electronics,-200
342,T-shirt 315,Clothing,1398
343,Laptop 436,,0
344,Headphones 384,Clothing,771
345,Watch 326,CLOTHING,4140
346,Bag 4,CLOTHING,0
347,Headphones 375,Clothing,-200
348,Headphones 158,Electronics,-200
349,Watch 413,,3778
350,Watch 258,Home,0
351,Sofa 336,Home,-200
352,Watch 357,electronics,0
353,Watch 264,Home,4166
354,Sofa 292,Clothing,496
355,Camera 455,Electronics,361
356,Headphones 20,Clothing,4128
357,Laptop 31,Home,3299
358,Table 449,electronics,681
359,Sofa 226,,-200
360,Camera 439,Clothing,237
361,Headphones 249,Clothing,1479
362,Shoes 406,Home,-200
363,Table 184,Home,-200
364,Table 61,Clothing,3303
365,Watch 16,electronics,4554
366,Laptop 175,Clothing,4801
367,Mobile 398,,0
368,Sofa 206,Electronics,2564
369,Laptop 194,CLOTHING,3810
370,Watch 113,Home,3383
371,Shoes 359,Electronics,2583
372,Camera 251,Clothing,0
373,Bag 320,,0
374,Camera 294,Electronics,298
375,Shoes 157,CLOTHING,3383
376,Mobile 72,Home,4628
377,Bag 492,Clothing,1637
378,T-shirt 263,Electronics,1924
379,Sofa 93,electronics,-200
380,Laptop 226,Home,0
381,Watch 1,electronics,0
382,Shoes 417,electronics,0
383,Mobile 95,electronics,1557
384,Mobile 293,Clothing,3974
385,Shoes 59,CLOTHING,3077
386,Watch 38,electronics,-200
387,Laptop 7,CLOTHING,-200
388,Shoes 123,CLOTHING,-200
389,Camera 22,electronics,2035
390,Headphones 17,Electronics,-200
391,T-shirt 433,,-200
392,Bag 140,electronics,0
393,Bag 80,,1996
394,T-shirt 199,CLOTHING,1851
395,Camera 44,CLOTHING,0
396,T-shirt 411,electronics,-200
397,Mobile 347,electronics,-200
398,Headphones 308,CLOTHING,0
399,Table 267,,-200
400,Headphones 429,Clothing,398
401,Mobile 338,CLOTHING,-200
402,Sofa 173,electronics,4076
403,T-shirt 341,CLOTHING,0
404,Shoes 216,Clothing,2697
405,Laptop 376,Home,0
406,Table 266,Electronics,1390
407,T-shirt 77,CLOTHING,4943
408,Mobile 66,Clothing,1616
409,T-shirt 255,,3356
410,Mobile 267,electronics,4556
411,Sofa 41,Electronics,0
412,Sofa 404,Clothing,2478
413,Laptop 184,Clothing,-200
414,Camera 1,,0
415,T-shirt 58,,0
416,T-shirt 42,electronics,668
417,Table 107,Home,0
418,Watch 194,electronics,0
419,Shoes 66,,4933
420,Watch 44,Clothing,-200
421,Camera 119,CLOTHING,1405
422,Watch 139,,316
423,T-shirt 387,Electronics,2289
424,Watch 356,Electronics,1689
425,Table 6,electronics,1923
426,Watch 265,Electronics,4752
427,T-shirt 341,Home,2759
428,Shoes 461,,-200
429,T-shirt 152,,1901
430,Laptop 304,Clothing,-200
431,Table 71,Clothing,4597
432,Headphones 423,electronics,3181
433,Bag 96,Home,4210
434,Camera 15,,3807
435,T-shirt 21,CLOTHING,1596
436,Sofa 411,Clothing,0
437,Headphones 488,Home,3322
438,Sofa 211,electronics,2954
439,Camera 263,,-200
440,Laptop 366,Clothing,2727
441,Bag 96,Home,0
442,T-shirt 352,Electronics,3075
443,Laptop 325,electronics,1957
444,Camera 193,Home,3467
445,Shoes 204,Electronics,2542
446,Headphones 387,electronics,0
447,Watch 68,Electronics,0
448,Bag 364,electronics,-200
449,Headphones 427,Clothing,0
450,Camera 499,Home,4417
451,Mobile 349,Electronics,4595
452,Sofa 475,Home,0
453,Bag 173,Clothing,-200
454,Watch 214,electronics,0
455,Sofa 75,Home,2357
456,Shoes 416,CLOTHING,3697
457,Bag 302,Home,127
458,Mobile 115,,0
459,Watch 287,CLOTHING,3807
460,Mobile 332,Electronics,0
461,Table 193,CLOTHING,2912
462,Watch 218,Home,4814
463,Camera 386,,2477
464,Laptop 75,CLOTHING,855
465,Shoes 119,Home,0
466,Mobile 399,Electronics,-200
467,Camera 330,Clothing,-200
468,Camera 198,Home,3175
469,Table 437,electronics,0
470,T-shirt 154,electronics,0
471,Bag 300,,1819
472,Headphones 105,electronics,3758
473,Laptop 440,Home,-200
474,Headphones 281,Electronics,4878
475,T-shirt 294,,4022
476,Bag 197,CLOTHING,4160
477,T-shirt 345,Clothing,564
478,Bag 188,CLOTHING,653
479,Table 100,electronics,2349
480,Sofa 86,Electronics,4617
481,Mobile 138,Clothing,582
482,Shoes 238,CLOTHING,-200
483,T-shirt 80,Clothing,3472
484,Watch 372,electronics,0
485,Shoes 73,CLOTHING,3538
486,Camera 255,Electronics,-200
487,Mobile 216,Clothing,2475
488,Mobile 267,Clothing,-200
489,Camera 10,Home,0
490,Shoes 181,Home,491
491,Headphones 338,CLOTHING,1383
492,Laptop 3,CLOTHING,0
493,Bag 434,CLOTHING,2008
494,Sofa 399,Home,3075
495,Camera 412,Clothing,2367
496,Watch 358,electronics,0
497,Mobile 367,electronics,-200
498,T-shirt 466,CLOTHING,-200
499,Table 100,,3709
500,Mobile 409,Home,2288
501,Watch 83,CLOTHING,-200
502,Shoes 54,Home,2744
503,Bag 186,Electronics,-200
504,Shoes 260,Home,-200
505,Mobile 333,Electronics,4297
506,Mobile 454,Clothing,0
507,Table 207,Electronics,2676
508,T-shirt 189,CLOTHING,710
509,Sofa 162,Electronics,3751
510,Mobile 431,electronics,1361
511,Bag 292,Clothing,-200
512,Bag 150,,3424
513,Bag 259,Home,1359
514,Camera 122,Home,1624
515,Camera 159,Clothing,0
516,Camera 28,Clothing,0
517,T-shirt 382,Electronics,-200
518,Camera 275,Clothing,1305
519,Sofa 173,Clothing,-200
520,Sofa 317,electronics,2398
521,Table 159,CLOTHING,2856
522,Table 13,Clothing,1646
523,Shoes 268,Electronics,-200
524,Watch 10,,4963
525,Shoes 347,Clothing,-200
526,Mobile 306,Electronics,486
527,Camera 393,,853
528,Camera 433,Home,3215
529,Bag 250,Home,2412
530,Camera 236,Clothing,303
531,Bag 386,Home,-200
532,Camera 258,,2160
533,Sofa 233,electronics,1609
534,Shoes 233,electronics,4040
535,Table 244,Electronics,-200
536,Laptop 113,electronics,2162
537,Bag 383,Home,251
538,Mobile 268,Home,-200
539,Watch 168,CLOTHING,4878
540,T-shirt 13,electronics,0
541,T-shirt 215,Clothing,-200
542,Headphones 42,Home,143
543,Bag 196,Home,0
544,Shoes 277,CLOTHING,0
545,Shoes 262,Electronics,4876
546,Shoes 173,,3674
547,T-shirt 126,,1191
548,Laptop 315,electronics,-200
549,Laptop 324,CLOTHING,-200
550,Headphones 319,electronics,3614
551,Laptop 200,Home,-200
552,Shoes 162,Electronics,4145
553,Laptop 378,,3968
554,Mobile 107,electronics,605
555,Headphones 194,CLOTHING,197
556,Watch 187,Home,2606
557,Sofa 233,Electronics,885
558,Shoes 302,electronics,-200
559,Laptop 97,Home,0
560,Camera 94,Home,1707
561,Table 136,CLOTHING,3980
562,Table 132,Clothing,0
563,T-shirt 463,Electronics,4014
564,Camera 45,CLOTHING,4217
565,Watch 241,Home,3776
566,Headphones 389,electronics,0
567,Sofa 75,Home,2005
568,Shoes 202,CLOTHING,0
569,T-shirt 115,Electronics,4296
570,Laptop 287,CLOTHING,4423
571,Camera 73,Clothing,-200
572,Sofa 351,electronics,-200
573,Shoes 353,,4651
574,Camera 127,,0
575,Camera 280,,-200
576,Sofa 282,Home,1860
577,Watch 165,,0
578,Watch 449,Electronics,-200
579,Laptop 59,CLOTHING,0
580,Shoes 423,electronics,-200
581,Shoes 494,,2593
582,Table 427,electronics,0
583,Bag 339,Home,1015
584,Shoes 228,Clothing,4869
585,Sofa 38,Clothing,410
586,Table 263,electronics,296
587,Bag 53,CLOTHING,2190
588,Headphones 157,Clothing,4513
589,Sofa 56,,-200
590,Mobile 189,Home,0
591,Mobile 494,Home,-200
592,Watch 241,Home,155
593,Headphones 400,CLOTHING,3791
594,Watch 176,,0
595,T-shirt 261,Electronics,-200
596,Table 314,Clothing,3305
597,Camera 215,,0
598,Table 297,Home,3301
599,Shoes 467,Home,-200
600,Shoes 197,Electronics,0
601,Shoes 154,,2286
602,Shoes 231,Clothing,3255
603,Shoes 113,Home,4569
604,Laptop 369,Clothing,742
605,Bag 233,Electronics,0
606,Headphones 118,Clothing,0
607,Watch 237,Home,4294
608,Bag 144,Electronics,0
609,Shoes 205,,-200
610,Shoes 473,CLOTHING,679
611,Mobile 266,Clothing,0
612,Shoes 289,Home,277
613,Sofa 196,CLOTHING,731
614,Table 315,Clothing,-200
615,Table 319,,0
616,Camera 224,CLOTHING,4584
617,Watch 382,,0
618,Watch 177,CLOTHING,209
619,Watch 362,Electronics,1161
620,Headphones 405,Clothing,-200
621,Mobile 270,Home,0
622,Sofa 317,Clothing,2298
623,Headphones 214,electronics,-200
624,Sofa 209,Clothing,1035
625,Bag 49,CLOTHING,4423
626,Sofa 143,Home,0
627,Headphones 34,Clothing,0
628,Watch 235,Home,4215
629,Headphones 204,Clothing,0
630,Table 379,Clothing,1762
631,Camera 127,,0
632,Camera 331,Clothing,0
633,Shoes 138,Home,1041
634,Laptop 476,Clothing,0
635,Camera 30,Home,912
636,Table 296,,2520
637,Mobile 437,Clothing,3003
638,Mobile 69,Clothing,3147
639,Mobile 77,Electronics,2902
640,T-shirt 413,,-200
641,Table 487,Home,0
642,Table 248,,-200
643,Shoes 275,Home,705
644,Mobile 194,CLOTHING,1348
645,Headphones 366,Home,3239
646,Shoes 262,electronics,3719
647,T-shirt 479,,4590
648,Watch 414,Clothing,-200
649,Camera 378,,0
650,Watch 78,electronics,-200
651,Laptop 41,Home,1686
652,T-shirt 263,electronics,4673
653,Shoes 217,CLOTHING,1600
654,Mobile 202,Electronics,3917
655,Table 386,Electronics,-200
656,Laptop 100,CLOTHING,2661
657,Shoes 265,Home,2004
658,Sofa 366,,1014
659,Sofa 3,Clothing,0
660,Mobile 427,CLOTHING,4876
661,Mobile 253,CLOTHING,2359
662,T-shirt 270,electronics,0
663,Watch 475,Electronics,0
664,Mobile 197,Clothing,0
665,Shoes 388,,0
666,Watch 188,electronics,3560
667,Bag 201,Electronics,0
668,Camera 241,electronics,-200
669,Table 114,,768
670,Mobile 53,CLOTHING,-200
671,Sofa 392,CLOTHING,3579
672,Camera 272,,3798
673,Mobile 6,CLOTHING,-200
674,Camera 105,,-200
675,T-shirt 413,Home,-200
676,T-shirt 313,Clothing,363
677,Camera 152,Electronics,3904
678,Table 109,,-200
679,Mobile 115,Clothing,4735
680,Headphones 109,CLOTHING,126
681,Headphones 74,,498
682,Bag 123,,0
683,Bag 350,,2557
684,Shoes 44,electronics,4042
685,Mobile 447,,4755
686,Watch 46,electronics,-200
687,T-shirt 466,,2444
688,Watch 75,,4346
689,Camera 182,CLOTHING,3220
690,Shoes 50,Clothing,0
691,Laptop 409,CLOTHING,2742
692,Sofa 458,Home,3952
693,Mobile 434,CLOTHING,-200
694,Headphones 445,Home,-200
695,Sofa 492,Home,3813
696,Mobile 5,CLOTHING,637
697,Mobile 305,electronics,4873
698,Bag 177,Electronics,1143
699,Watch 275,electronics,2266
700,Headphones 493,Home,-200
701,Bag 64,Electronics,1965
702,Watch 435,,692
703,Watch 42,Home,1828
704,Shoes 88,,0
705,Table 173,Electronics,0
706,T-shirt 144,,-200
707,T-shirt 203,,0
708,Table 146,electronics,-200
709,Bag 163,CLOTHING,0
710,Headphones 259,Electronics,101
711,Laptop 480,CLOTHING,2773
712,Shoes 470,,2777
713,Laptop 14,Electronics,0
714,Camera 286,Electronics,268
715,Shoes 102,electronics,1372
716,Laptop 15,Electronics,2740
717,Sofa 182,CLOTHING,-200
718,Headphones 424,,0
719,Table 423,electronics,3089
720,Shoes 297,CLOTHING,0
721,Mobile 208,CLOTHING,0
722,Table 239,CLOTHING,-200
723,Mobile 268,CLOTHING,2737
724,Watch 233,Clothing,3339
725,Camera 388,Home,3757
726,Table 109,,-200
727,T-shirt 306,Electronics,958
728,Shoes 167,,2057
729,Mobile 105,Clothing,-200
730,Watch 228,,0
731,Bag 371,electronics,3665
732,Bag 496,electronics,2282
733,Sofa 351,Home,2361
734,Sofa 392,Electronics,-200
735,Watch 362,Home,1154
736,Laptop 12,Electronics,-200
737,Watch 430,,-200
738,Mobile 269,CLOTHING,1442
739,Watch 356,Clothing,4734
740,T-shirt 412,Clothing,3099
741,Shoes 415,Home,2568
742,Headphones 210,Electronics,3429
743,Laptop 307,Electronics,0
744,Watch 169,,3713
745,Mobile 24,,0
746,Watch 172,Home,0
747,Table 225,electronics,2688
748,Camera 277,Clothing,2166
749,Shoes 90,Electronics,1627
750,Sofa 463,CLOTHING,4051
751,Mobile 410,CLOTHING,-200
752,Mobile 495,electronics,3934
753,Mobile 412,CLOTHING,3817
754,Shoes 487,Clothing,3043
755,Mobile 494,CLOTHING,0
756,Bag 369,,107
757,Laptop 187,electronics,0
758,Mobile 361,electronics,-200
759,Watch 362,electronics,-200
760,Sofa 462,Home,442
761,Headphones 425,Home,-200
762,Headphones 59,Home,0
763,Table 83,Electronics,2847
764,T-shirt 250,electronics,1742
765,Watch 52,electronics,-200
766,Watch 172,Clothing,3090
767,Mobile 143,Home,-200
768,Sofa 489,,813
769,Table 292,CLOTHING,4631
770,Laptop 270,,2172
771,Camera 394,Home,3427
772,Headphones 35,,0
773,Laptop 306,Home,2989
774,Camera 49,Home,-200
775,Camera 301,,0
776,Watch 155,,-200
777,Camera 155,,2509
778,Camera 187,electronics,0
779,T-shirt 36,CLOTHING,-200
780,T-shirt 121,Clothing,0
781,Bag 408,,2289
782,T-shirt 104,,3918
783,Watch 398,Home,-200
784,Sofa 139,Clothing,0
785,Bag 50,Clothing,-200
786,Table 342,CLOTHING,-200
787,Camera 289,Clothing,0
788,Bag 194,Electronics,557
789,Table 417,,4123
790,Table 289,electronics,2379
791,Shoes 464,CLOTHING,224
792,Bag 73,electronics,-200
793,Table 306,Electronics,0
794,Headphones 151,CLOTHING,3820
795,Camera 394,electronics,4955
796,Laptop 330,,2605
797,Mobile 240,Clothing,-200
798,Watch 402,Electronics,0
799,Table 368,Clothing,3162
800,Camera 357,,0
801,Watch 478,Home,0
802,Sofa 296,electronics,-200
803,Laptop 335,CLOTHING,2066
804,Mobile 312,,-200
805,Table 469,Home,739
806,Camera 88,Home,-200
807,Table 192,Home,-200
808,Laptop 425,Home,-200
809,T-shirt 498,Electronics,2707
810,Shoes 90,,952
811,T-shirt 35,CLOTHING,0
812,Headphones 202,,-200
813,Shoes 487,CLOTHING,4564
814,Headphones 256,CLOTHING,0
815,Headphones 465,Home,3875
816,Shoes 159,CLOTHING,3480
817,Mobile 220,,2899
818,Bag 164,Home,1362
819,Sofa 391,Electronics,2207
820,Laptop 488,Clothing,1446
821,Table 487,Home,4772
822,Watch 458,,4432
823,Headphones 137,electronics,1120
824,Shoes 9,electronics,1039
825,Mobile 480,Clothing,2989
826,Watch 404,electronics,4427
827,Sofa 496,CLOTHING,0
828,Mobile 220,CLOTHING,4593
829,Laptop 378,electronics,-200
830,Shoes 408,CLOTHING,3504
831,Shoes 212,Clothing,3916
832,Table 424,electronics,1485
833,Headphones 151,electronics,2376
834,Table 381,Home,3835
835,Camera 56,Electronics,-200
836,T-shirt 492,Electronics,1102
837,Table 116,,-200
838,Shoes 434,Home,3179
839,Watch 107,Electronics,4068
840,Camera 369,,0
841,T-shirt 207,Home,528
842,Bag 162,Home,0
843,Bag 470,Clothing,1434
844,Camera 490,electronics,618
845,Mobile 54,Electronics,4466
846,Sofa 337,CLOTHING,-200
847,Watch 454,,2717
848,Watch 431,Home,297
849,Shoes 254,Clothing,756
850,Table 303,,0
851,Mobile 47,Clothing,1946
852,Sofa 221,electronics,607
853,Mobile 129,Clothing,2298
854,Laptop 7,CLOTHING,-200
855,Mobile 187,Clothing,0
856,Table 28,,3909
857,Laptop 260,Home,3046
858,Camera 103,CLOTHING,3822
859,Sofa 373,CLOTHING,4286
860,Shoes 239,CLOTHING,-200
861,Headphones 35,Home,-200
862,Mobile 257,Clothing,-200
863,Laptop 10,Clothing,4954
864,Laptop 411,electronics,2682
865,T-shirt 67,Home,3177
866,Sofa 498,,4352
867,Headphones 166,CLOTHING,2362
868,Table 221,electronics,3037
869,Sofa 118,Home,-200
870,Sofa 470,CLOTHING,436
871,Headphones 170,Electronics,-200
872,Shoes 248,CLOTHING,1252
873,Camera 267,Clothing,548
874,T-shirt 113,,4831
875,Bag 25,Home,0
876,Bag 207,CLOTHING,970
877,T-shirt 299,,721
878,Headphones 199,electronics,1004
879,T-shirt 371,electronics,-200
880,Shoes 297,electronics,3733
881,Laptop 240,Home,0
882,Headphones 67,,0
883,Table 160,Clothing,0
884,Bag 411,CLOTHING,-200
885,Sofa 483,Clothing,-200
886,Laptop 282,Home,811
887,Sofa 33,electronics,-200
888,Laptop 296,,0
889,T-shirt 194,Clothing,0
890,Table 53,Home,0
891,Headphones 442,,2688
892,Table 112,CLOTHING,4061
893,Laptop 15,Electronics,4037
894,Watch 426,,1722
895,Shoes 325,,3344
896,Laptop 290,CLOTHING,3632
897,T-shirt 192,electronics,1685
898,Shoes 233,CLOTHING,895
899,Sofa 122,Electronics,3289
900,Sofa 431,CLOTHING,149
901,Shoes 376,Electronics,2290
902,Mobile 155,,3742
903,Mobile 471,Electronics,4735
904,Laptop 248,,0
905,Shoes 122,,4415
906,Shoes 89,electronics,3194
907,Bag 478,electronics,0
908,Mobile 154,electronics,1818
909,Headphones 71,,2206
910,Camera 93,Electronics,-200
911,Watch 452,Electronics,3906
912,Mobile 252,electronics,0
913,Mobile 405,Electronics,0
914,Mobile 278,Home,2871
915,Camera 164,electronics,-200
916,Table 246,CLOTHING,-200
917,Shoes 175,,0
918,Mobile 164,CLOTHING,0
919,Watch 176,,-200
920,Headphones 128,CLOTHING,2256
921,Watch 474,CLOTHING,3023
922,Watch 386,Electronics,-200
923,Headphones 101,Electronics,2813
924,Mobile 177,Home,-200
925,Headphones 101,electronics,1936
926,Headphones 99,CLOTHING,1020
927,Headphones 247,CLOTHING,3215
928,Mobile 176,,654
929,Laptop 308,Home,3411
930,Shoes 417,Home,3064
931,Table 126,Clothing,0
932,Camera 199,electronics,425
933,Sofa 360,Home,247
934,Laptop 10,Clothing,2736
935,Watch 431,Electronics,-200
936,T-shirt 16,Clothing,-200
937,Table 286,Electronics,1262
938,Camera 240,Electronics,1926
939,Watch 249,,-200
940,Sofa 439,Electronics,4320
941,Camera 215,,-200
942,Headphones 407,,-200
943,Bag 259,Electronics,265
944,Watch 145,Electronics,2917
945,Table 89,Clothing,3108
946,Camera 352,electronics,0
947,Bag 455,CLOTHING,4795
948,Shoes 465,electronics,0
949,Table 20,CLOTHING,3307
950,Table 412,electronics,3245
951,Headphones 189,electronics,-200
952,Table 123,Electronics,1976
953,T-shirt 489,electronics,291
954,Shoes 99,CLOTHING,-200
955,Table 279,CLOTHING,-200
956,Table 174,CLOTHING,2864
957,Shoes 443,Home,3238
958,Sofa 251,Electronics,1293
959,Headphones 464,CLOTHING,-200
960,Headphones 396,Electronics,-200
961,Table 114,electronics,4005
962,Watch 433,Home,0
963,Bag 325,CLOTHING,1535
964,Shoes 373,Clothing,2522
965,Headphones 156,,1260
966,Table 6,CLOTHING,2590
967,Camera 282,electronics,-200
968,Headphones 216,,0
969,Table 398,Clothing,533
970,Watch 141,CLOTHING,2607
971,Headphones 473,Clothing,0
972,Mobile 310,CLOTHING,0
973,Table 169,,2290
974,Camera 176,,-200
975,Table 112,electronics,4923
976,Watch 274,Clothing,2423
977,Sofa 452,Clothing,4392
978,Laptop 260,Home,-200
979,Sofa 223,Clothing,-200
980,Bag 463,Electronics,4113
981,Table 167,,2782
982,Watch 461,,-200
983,Mobile 209,Clothing,-200
984,Shoes 226,,4698
985,T-shirt 406,Clothing,270
986,Camera 394,,0
987,Watch 292,Home,1598
988,Camera 288,,2007
989,Camera 145,Clothing,0
990,Headphones 408,CLOTHING,0
991,Mobile 24,CLOTHING,0
992,T-shirt 423,CLOTHING,215
993,Shoes 123,,4158
994,Watch 355,electronics,2667
995,Sofa 212,Home,0
996,Headphones 66,Electronics,1009
997,Bag 407,CLOTHING,0
998,Watch 351,Clothing,1908
999,T-shirt 38,,-200
1000,Sofa 229,Electronics,1241
1001,Mobile 437,Clothing,2712
1002,T-shirt 227,Electronics,-200
1003,Headphones 216,electronics,241
1004,T-shirt 348,Clothing,3763
1005,Sofa 266,Home,2088
1006,Camera 337,Home,-200
1007,Camera 129,Home,-200
1008,Camera 449,,0
1009,Mobile 297,Electronics,1410
1010,Camera 83,Clothing,4965
1011,Shoes 69,Clothing,371
1012,Watch 24,Home,4331
1013,Shoes 91,electronics,1090
1014,Laptop 275,CLOTHING,2217
1015,Camera 44,Clothing,0
1016,Shoes 435,Home,4197
1017,Headphones 307,Home,0
1018,Shoes 327,,-200
1019,Camera 255,Clothing,4652
1020,Sofa 284,,0
1021,Headphones 95,Electronics,0
1022,Headphones 296,CLOTHING,0
1023,Headphones 461,Clothing,4247
1024,Camera 328,electronics,2072
1025,T-shirt 215,,4762
1026,Camera 195,electronics,-200
1027,Watch 355,electronics,2235
1028,Shoes 65,electronics,0
1029,Bag 61,CLOTHING,4350
1030,Mobile 320,CLOTHING,4013
1031,Bag 482,,940
1032,Bag 359,Home,3537
1033,Headphones 155,Electronics,3676
1034,Table 203,CLOTHING,256
1035,Laptop 298,electronics,-200
1036,Sofa 45,,-200
1037,Shoes 212,,0
1038,T-shirt 307,CLOTHING,1279
1039,Sofa 335,CLOTHING,0
1040,Bag 91,Clothing,596
1041,T-shirt 83,,1767
1042,Sofa 410,electronics,4038
1043,Sofa 367,,-200
1044,Camera 162,CLOTHING,1276
1045,Bag 283,Clothing,0
1046,Bag 292,Home,0
1047,Shoes 4,Electronics,4497
1048,Headphones 7,electronics,-200
1049,T-shirt 56,Clothing,2012
1050,Sofa 337,Home,0
1051,Mobile 326,,1548
1052,T-shirt 411,Electronics,-200
1053,Camera 384,Clothing,1265
1054,T-shirt 349,Home,-200
1055,Table 357,,0
1056,Table 460,Clothing,3390
1057,Watch 448,,0
1058,Bag 109,,4776
1059,Shoes 323,electronics,0
1060,Bag 313,Home,3739
1061,Sofa 364,,-200
1062,T-shirt 151,electronics,1456
1063,Watch 37,Clothing,1850
1064,Watch 376,,0
1065,Watch 440,Home,-200
1066,Sofa 335,,0
1067,Camera 477,Clothing,0
1068,Laptop 67,electronics,1313
1069,Mobile 9,,1482
1070,T-shirt 171,Electronics,3938
1071,T-shirt 94,CLOTHING,2253
1072,Bag 52,,1733
1073,Mobile 70,Home,0
1074,Headphones 172,Clothing,-200
1075,Mobile 39,electronics,394
1076,Headphones 445,CLOTHING,3494
1077,Watch 59,,1795
1078,Laptop 446,Home,2768
1079,Shoes 251,CLOTHING,2294
1080,Laptop 310,,0
1081,Camera 197,,-200
1082,Camera 435,CLOTHING,2077
1083,Sofa 360,,0
1084,Camera 456,Home,0
1085,T-shirt 367,electronics,-200
1086,Camera 489,CLOTHING,2438
1087,Headphones 471,Electronics,4395
1088,Bag 446,Clothing,-200
1089,Camera 386,CLOTHING,0
1090,Headphones 264,Clothing,0
1091,Shoes 255,Electronics,3302
1092,Sofa 490,electronics,922
1093,Bag 270,electronics,1323
1094,Bag 291,Clothing,0
1095,Watch 130,Electronics,0
1096,Watch 464,,0
1097,Shoes 256,Clothing,-200
1098,Table 27,electronics,0
1099,Camera 219,Home,4978
1100,T-shirt 147,Clothing,3317
1101,Mobile 440,Clothing,3752
1102,Shoes 153,Clothing,-200
1103,Sofa 75,Electronics,4381
1104,Table 124,,3122
1105,Shoes 129,electronics,922
1106,Watch 242,,4143
1107,Watch 250,Electronics,3727
1108,Sofa 289,CLOTHING,1570
1109,Camera 485,,4428
1110,Bag 162,CLOTHING,4417
1111,Mobile 478,CLOTHING,2299
1112,Laptop 280,electronics,616
1113,Shoes 391,electronics,4232
1114,Sofa 163,Electronics,404
1115,Mobile 60,CLOTHING,2099
1116,Headphones 261,,717
1117,Sofa 198,Electronics,1433
1118,Laptop 477,Clothing,0
1119,Camera 47,CLOTHING,0
1120,Watch 157,Clothing,4752
1121,T-shirt 93,electronics,4178
1122,Headphones 359,Clothing,3708
1123,Watch 414,CLOTHING,946
1124,Sofa 441,electronics,1832
1125,Table 375,Clothing,0
1126,Bag 237,CLOTHING,853
1127,Table 495,Clothing,0
1128,Mobile 279,CLOTHING,442
1129,Laptop 127,Electronics,3244
1130,Shoes 450,Electronics,3365
1131,T-shirt 401,Home,0
1132,Sofa 11,,2754
1133,Headphones 207,CLOTHING,4590
1134,Sofa 169,Clothing,4061
1135,Sofa 204,,3534
1136,Laptop 298,electronics,-200
1137,Mobile 147,Home,3700
1138,T-shirt 249,Home,3451
1139,Mobile 20,Clothing,2476
1140,Watch 272,,0
1141,Headphones 446,Clothing,4970
1142,Bag 492,Clothing,3766
1143,T-shirt 170,CLOTHING,-200
1144,Watch 273,electronics,3827
1145,Headphones 25,Clothing,-200
1146,Camera 68,,2780
1147,Camera 346,,0
1148,Table 107,Clothing,0
1149,Bag 118,Home,1751
1150,T-shirt 227,Clothing,2493
1151,Shoes 309,electronics,-200
1152,Shoes 381,Home,1897
1153,T-shirt 450,,0
1154,Headphones 53,Home,1887
1155,Shoes 293,Electronics,3732
1156,Mobile 107,Clothing,3341
1157,Table 37,Electronics,4197
1158,Mobile 174,Clothing,-200
1159,Watch 126,electronics,-200
1160,Laptop 361,electronics,-200
1161,Bag 84,Home,-200
1162,Shoes 111,Electronics,-200
1163,Headphones 2,,-200
1164,Headphones 91,Electronics,4381
1165,T-shirt 429,Clothing,826
1166,Sofa 349,Clothing,3131
1167,Shoes 75,Home,2623
1168,Headphones 375,electronics,-200
1169,Mobile 382,electronics,141
1170,Laptop 104,Electronics,-200
1171,Laptop 65,Home,-200
1172,Shoes 59,CLOTHING,0
1173,Camera 222,CLOTHING,-200
1174,Table 250,,4364
1175,Shoes 159,CLOTHING,3359
1176,Shoes 8,Electronics,2317
1177,Laptop 432,,0
1178,T-shirt 66,Electronics,1284
1179,Watch 355,,4063
1180,Bag 304,electronics,2282
1181,Sofa 418,Home,0
1182,Sofa 290,Electronics,0
1183,Table 296,Clothing,1573
1184,Laptop 83,CLOTHING,0
1185,T-shirt 467,,4482
1186,Laptop 142,CLOTHING,-200
1187,Camera 247,Home,4501
1188,Shoes 481,Clothing,3142
1189,Mobile 216,Clothing,-200
1190,Bag 240,Clothing,3490
1191,Shoes 251,Clothing,-200
1192,Watch 26,electronics,0
1193,Watch 163,,0
1194,T-shirt 115,electronics,0
1195,Shoes 464,,3694
1196,Mobile 213,Home,0
1197,Table 219,Electronics,4730
1198,Bag 230,Home,2574
1199,Laptop 384,Home,0
1200,Bag 193,Clothing,0
1201,Watch 384,Home,4708
1202,Sofa 134,Clothing,4751
1203,Table 110,,0
1204,Headphones 327,Electronics,3867
1205,Headphones 70,Home,4140
1206,Watch 84,Electronics,1422
1207,Camera 233,Home,0
1208,T-shirt 101,,2172
1209,Mobile 281,CLOTHING,2795
1210,Laptop 215,Home,-200
1211,Table 481,Clothing,-200
1212,Laptop 19,,3371
1213,Bag 79,Home,2027
1214,Laptop 322,electronics,-200
1215,Table 262,Clothing,787
1216,Table 368,Electronics,1830
1217,Watch 334,CLOTHING,-200
1218,Camera 330,,0
1219,Watch 203,Clothing,2720
1220,T-shirt 315,Home,2299
1221,Laptop 300,,3986
1222,Headphones 247,electronics,0
1223,Shoes 217,Home,662
1224,T-shirt 289,Electronics,-200
1225,Headphones 232,Home,0
1226,Table 370,Clothing,1182
1227,Bag 375,electronics,3086
1228,T-shirt 272,electronics,-200
1229,Mobile 99,Electronics,1505
1230,Mobile 59,,1787
1231,Bag 130,electronics,-200
1232,Mobile 364,Electronics,941
1233,T-shirt 450,Electronics,347
1234,Headphones 145,CLOTHING,1427
1235,T-shirt 430,,3693
1236,Bag 274,electronics,-200
1237,Watch 45,Home,2825
1238,Sofa 40,Electronics,2532
1239,Shoes 418,Electronics,-200
1240,Camera 276,Clothing,-200
1241,Table 14,Clothing,0
1242,Sofa 161,CLOTHING,0
1243,Table 46,Clothing,4604
1244,Headphones 116,electronics,-200
1245,Shoes 310,Home,0
1246,Mobile 251,Home,1683
1247,Table 36,,-200
1248,Sofa 261,Clothing,4529
1249,Headphones 208,Electronics,4196
1250,Headphones 113,Electronics,-200
1251,Shoes 185,electronics,1155
1252,Table 259,Clothing,-200
1253,Laptop 153,Clothing,4608
1254,Table 454,Electronics,1254
1255,Mobile 432,,-200
1256,Sofa 462,Electronics,2127
1257,Table 207,CLOTHING,0
1258,T-shirt 189,CLOTHING,4361
1259,Laptop 226,Clothing,2268
1260,Headphones 180,electronics,0
1261,Camera 180,Clothing,1291
1262,Shoes 315,Clothing,0
1263,Sofa 210,,4260
1264,Watch 186,electronics,4503
1265,Mobile 341,CLOTHING,0
1266,Shoes 297,CLOTHING,3696
1267,Watch 447,Home,4905
1268,Table 444,CLOTHING,1122
1269,Mobile 469,,503
1270,Laptop 32,Home,2320
1271,Headphones 384,,3670
1272,Sofa 269,CLOTHING,119
1273,Watch 264,Home,3903
1274,Mobile 65,Clothing,0
1275,Laptop 190,Home,3929
1276,Bag 156,Electronics,-200
1277,Shoes 64,CLOTHING,230
1278,Laptop 333,Home,4249
1279,Sofa 484,electronics,0
1280,Bag 238,CLOTHING,0
1281,Bag 488,electronics,2235
1282,Mobile 482,electronics,3490
1283,Mobile 152,electronics,948
1284,Bag 469,Home,-200
1285,Mobile 116,electronics,0
1286,Bag 207,Electronics,421
1287,Mobile 301,Electronics,-200
1288,Laptop 242,Home,2893
1289,Watch 465,Clothing,3563
1290,Shoes 462,Home,2117
1291,Watch 463,Electronics,-200
1292,Watch 491,Electronics,1848
1293,Table 235,,3718
1294,Laptop 181,,-200
1295,Sofa 219,Home,4234
1296,Bag 53,Clothing,0
1297,Bag 66,Electronics,0
1298,Laptop 225,Electronics,300
1299,Sofa 69,,3134
1300,Camera 223,Electronics,1372
1301,Watch 365,Electronics,2152
1302,T-shirt 193,Home,2172
1303,Shoes 379,Home,-200
1304,Mobile 453,,1870
1305,Mobile 440,Clothing,0
1306,Headphones 284,,-200
1307,Sofa 143,Clothing,-200
1308,Bag 265,Clothing,-200
1309,T-shirt 376,Home,-200
1310,Sofa 209,Home,0
1311,Mobile 133,Clothing,3282
1312,Bag 140,electronics,1548
1313,Laptop 168,Clothing,0
1314,Mobile 122,CLOTHING,0
1315,Camera 194,CLOTHING,2210
1316,Table 268,CLOTHING,0
1317,Table 65,Clothing,-200
1318,Shoes 230,Clothing,0
1319,Sofa 130,,-200
1320,Watch 495,Electronics,0
1321,Table 45,,2912
1322,Table 16,electronics,3825
1323,Mobile 99,CLOTHING,0
1324,Camera 210,,-200
1325,T-shirt 215,electronics,4839
1326,Table 306,Clothing,0
1327,Watch 472,,723
1328,Laptop 85,CLOTHING,-200
1329,Headphones 40,electronics,433
1330,T-shirt 364,CLOTHING,3238
1331,Watch 186,Clothing,0
1332,Headphones 204,Home,-200
1333,Sofa 469,Home,0
1334,Bag 387,CLOTHING,938
1335,T-shirt 301,Home,572
1336,Laptop 170,Home,0
1337,Sofa 208,Clothing,2654
1338,Watch 279,Clothing,2721
1339,T-shirt 241,electronics,0
1340,Bag 394,CLOTHING,-200
1341,Headphones 255,electronics,2951
1342,Bag 312,Home,-200
1343,Bag 180,CLOTHING,1236
1344,Watch 102,electronics,0
1345,Shoes 10,Electronics,407
1346,Laptop 474,CLOTHING,-200
1347,Headphones 304,Electronics,0
1348,Headphones 483,Home,805
1349,Table 107,electronics,0
1350,Laptop 288,Clothing,4233
1351,Camera 236,Home,0
1352,Sofa 410,Home,0
1353,T-shirt 185,CLOTHING,-200
1354,Shoes 50,Clothing,-200
1355,Shoes 428,Clothing,3533
1356,T-shirt 395,CLOTHING,3028
1357,Watch 322,Electronics,3654
1358,Laptop 480,,1934
1359,Camera 407,Home,2834
1360,Bag 420,Home,-200
1361,Bag 192,Home,3501
1362,Headphones 248,Electronics,4536
1363,Headphones 274,Home,1486
1364,Sofa 6,Clothing,1994
1365,Headphones 99,,0
1366,Bag 397,,650
1367,Bag 52,,-200
1368,Watch 300,Home,-200
1369,Shoes 461,electronics,279
1370,Watch 147,CLOTHING,0
1371,Laptop 326,,0
1372,Bag 402,CLOTHING,0
1373,Table 84,,2991
1374,Sofa 420,CLOTHING,1743
1375,Mobile 207,CLOTHING,494
1376,Camera 128,Clothing,-200
1377,Mobile 468,Electronics,1922
1378,Sofa 215,Clothing,2935
1379,Camera 402,CLOTHING,-200
1380,Table 258,CLOTHING,4397
1381,Camera 358,Clothing,2623
1382,Mobile 247,,950
1383,Camera 154,Clothing,-200
1384,Sofa 441,Clothing,2221
1385,Sofa 75,CLOTHING,310
1386,Sofa 274,electronics,2441
1387,Camera 160,Home,1357
1388,Bag 90,electronics,3171
1389,Headphones 455,Home,2627
1390,T-shirt 136,CLOTHING,-200
1391,T-shirt 170,electronics,2227
1392,T-shirt 208,electronics,1990
1393,Table 206,Home,4769
1394,Table 124,electronics,1839
1395,T-shirt 121,Clothing,-200
1396,Camera 407,Home,3150
1397,Shoes 404,Electronics,2370
1398,Headphones 259,CLOTHING,-200
1399,Headphones 7,CLOTHING,4078
1400,Watch 283,electronics,0
1401,Watch 90,electronics,236
1402,Sofa 14,Home,-200
1403,Mobile 201,Electronics,0
1404,Headphones 208,Electronics,4888
1405,Watch 307,,424
1406,Headphones 429,Home,2657
1407,Mobile 57,Electronics,1709
1408,Bag 110,CLOTHING,810
1409,Bag 316,Clothing,0
1410,T-shirt 214,Clothing,3799
1411,Mobile 229,Clothing,-200
1412,Table 111,Home,0
1413,Camera 76,CLOTHING,2336
1414,Camera 221,Home,3605
1415,Watch 45,electronics,3700
1416,Headphones 313,Home,4382
1417,T-shirt 292,Home,0
1418,T-shirt 8,,444
1419,Watch 401,CLOTHING,3250
1420,Camera 476,electronics,2196
1421,Sofa 453,,4017
1422,Watch 391,Clothing,-200
1423,Table 382,Home,3084
1424,Shoes 7,electronics,2948
1425,Shoes 292,Home,0
1426,Laptop 258,CLOTHING,3156
1427,Camera 190,Home,0
1428,Sofa 309,Home,4684
1429,Table 355,Electronics,1020
1430,Bag 499,,-200
1431,Headphones 121,CLOTHING,0
1432,T-shirt 218,electronics,0
1433,Laptop 125,Clothing,0
1434,T-shirt 303,Home,4480
1435,Mobile 150,,3865
1436,Bag 376,Clothing,4760
1437,T-shirt 430,Electronics,-200
1438,Headphones 397,CLOTHING,3252
1439,Bag 95,electronics,729
1440,Shoes 330,,3830
1441,Sofa 457,electronics,3157
1442,Camera 248,Electronics,0
1443,T-shirt 300,,-200
1444,Sofa 350,electronics,1355
1445,Camera 365,electronics,1619
1446,Headphones 281,Home,-200
1447,Bag 450,electronics,1758
1448,Camera 308,,0
1449,T-shirt 110,Electronics,-200
1450,Laptop 86,CLOTHING,4468
1451,Headphones 1,electronics,4503
1452,Laptop 446,Home,2303
1453,Bag 431,Electronics,0
1454,Headphones 130,,4559
1455,Camera 325,,-200
1456,Mobile 454,Clothing,3410
1457,Table 43,,2071
1458,Bag 476,CLOTHING,4928
1459,Laptop 43,,3695
1460,Mobile 234,electronics,0
1461,Shoes 143,,0
1462,Mobile 148,Clothing,-200
1463,Headphones 197,,-200
1464,T-shirt 274,Electronics,0
1465,Mobile 351,Home,-200
1466,T-shirt 122,Clothing,-200
1467,Table 431,Clothing,623
1468,Bag 443,electronics,-200
1469,Mobile 73,Home,3920
1470,Mobile 32,electronics,0
1471,Bag 137,Clothing,-200
1472,T-shirt 490,Electronics,1020
1473,T-shirt 417,,2132
1474,Watch 412,,2491
1475,Laptop 220,Clothing,4389
1476,Mobile 144,Home,3744
1477,Bag 85,CLOTHING,4519
1478,Laptop 160,Clothing,0
1479,Laptop 423,electronics,2178
1480,Bag 214,Electronics,0
1481,Shoes 466,Clothing,0
1482,Laptop 298,CLOTHING,4395
1483,Watch 73,Home,-200
1484,Mobile 59,Home,0
1485,Laptop 444,electronics,0
1486,Table 165,Clothing,3300
1487,Table 65,,-200
1488,T-shirt 285,Home,244
1489,Headphones 259,Electronics,-200
1490,Camera 489,electronics,3513
1491,Camera 64,,2533
1492,Mobile 146,CLOTHING,-200
1493,Sofa 157,CLOTHING,476
1494,Mobile 187,Home,-200
1495,Headphones 321,,4743
1496,Bag 22,Home,3503
1497,Shoes 155,Electronics,0
1498,Laptop 484,CLOTHING,125
1499,Sofa 145,,1648
1500,Laptop 292,Home,2847
1501,Shoes 413,,0
1502,T-shirt 269,Home,-200
1503,Shoes 142,CLOTHING,2647
1504,Mobile 167,electronics,0
1505,Watch 252,,0
1506,Bag 164,electronics,2387
1507,T-shirt 371,Electronics,2990
1508,Watch 242,Home,0
1509,Bag 498,CLOTHING,-200
1510,Shoes 135,,850
1511,Bag 74,Clothing,3557
1512,Bag 238,Electronics,0
1513,Table 352,CLOTHING,2140
1514,Laptop 496,electronics,3088
1515,Sofa 311,Home,3862
1516,Table 165,Electronics,1215
1517,Shoes 251,electronics,0
1518,Shoes 99,Clothing,3088
1519,Table 485,CLOTHING,3233
1520,Laptop 94,Clothing,4961
1521,Laptop 143,,3953
1522,Camera 458,,-200
1523,Shoes 144,electronics,1427
1524,Shoes 24,,3074
1525,Mobile 404,Clothing,1710
1526,T-shirt 342,Home,-200
1527,T-shirt 46,Home,1308
1528,Table 292,,-200
1529,Camera 401,electronics,433
1530,T-shirt 458,Home,944
1531,Bag 214,electronics,693
1532,Shoes 371,,-200
1533,Table 479,CLOTHING,-200
1534,Sofa 158,,1960
1535,Bag 499,,1210
1536,Headphones 467,electronics,0
1537,Table 360,Clothing,4334
1538,Camera 134,Electronics,4998
1539,Table 187,,0
1540,Mobile 47,CLOTHING,-200
1541,Watch 496,Electronics,-200
1542,Camera 367,Home,753
1543,Mobile 498,Clothing,-200
1544,Headphones 314,Clothing,586
1545,Camera 264,Electronics,222
1546,Laptop 43,Home,2259
1547,Shoes 192,Clothing,3089
1548,Table 67,CLOTHING,-200
1549,Laptop 310,CLOTHING,942
1550,Headphones 412,CLOTHING,988
1551,Mobile 274,electronics,3632
1552,T-shirt 287,,2865
1553,T-shirt 278,electronics,3690
1554,Laptop 146,Clothing,-200
1555,Bag 420,Electronics,4721
1556,Sofa 93,,0
1557,Bag 330,Electronics,2473
1558,Headphones 55,Home,4305
1559,Shoes 366,electronics,0
1560,Camera 47,CLOTHING,2483
1561,Bag 186,Electronics,4712
1562,T-shirt 35,Electronics,4668
1563,Headphones 285,electronics,276
1564,Laptop 190,Clothing,1325
1565,Headphones 139,Clothing,4932
1566,Mobile 35,electronics,-200
1567,T-shirt 355,,3656
1568,Sofa 464,Clothing,1411
1569,Bag 3,Electronics,1032
1570,Mobile 376,electronics,2653
1571,Mobile 480,Electronics,0
1572,Watch 326,Electronics,2918
1573,Laptop 103,Electronics,103
1574,T-shirt 342,,2167
1575,Table 89,CLOTHING,0
1576,Laptop 472,electronics,4270
1577,Sofa 330,CLOTHING,0
1578,Laptop 325,Electronics,2835
1579,Table 207,CLOTHING,2468
1580,Laptop 487,Home,-200
1581,Table 470,Clothing,0
1582,Bag 81,Clothing,2404
1583,Laptop 222,Home,4300
1584,Laptop 57,Electronics,0
1585,Mobile 149,CLOTHING,-200
1586,Laptop 248,Clothing,1305
1587,Laptop 146,Home,-200
1588,Table 284,electronics,-200
1589,Shoes 237,Home,183
1590,Bag 491,,1723
1591,Watch 310,Electronics,0
1592,Camera 50,,3034
1593,Bag 104,electronics,-200
1594,Sofa 432,,-200
1595,Table 156,Home,3845
1596,Laptop 54,Clothing,3908
1597,Sofa 26,electronics,0
1598,Shoes 485,Clothing,0
1599,Bag 283,Home,0
1600,Laptop 373,electronics,242
1601,Shoes 496,electronics,2743
1602,T-shirt 322,Home,2240
1603,Laptop 347,electronics,1097
1604,Headphones 345,Electronics,-200
1605,Laptop 405,electronics,2484
1606,Bag 260,electronics,507
1607,Watch 112,Electronics,4201
1608,Watch 391,electronics,-200
1609,T-shirt 224,electronics,0
1610,Laptop 317,Clothing,0
1611,Camera 150,Electronics,605
1612,Sofa 10,Clothing,618
1613,Camera 142,Clothing,0
1614,Mobile 104,Electronics,-200
1615,Laptop 208,Clothing,2698
1616,Mobile 325,Electronics,3797
1617,Watch 284,Home,3324
1618,Watch 374,,321
1619,Shoes 346,Clothing,0
1620,Table 185,Home,1876
1621,Camera 173,Home,0
1622,Mobile 224,CLOTHING,-200
1623,Camera 118,Home,386
1624,Watch 446,Home,-200
1625,Headphones 330,electronics,3408
1626,Mobile 381,,3564
1627,Sofa 290,Clothing,2624
1628,Laptop 212,electronics,0
1629,Bag 217,Clothing,3476
1630,Laptop 317,Clothing,1661
1631,Shoes 162,Home,239
1632,Camera 296,Clothing,4259
1633,Camera 410,Clothing,-200
1634,Shoes 435,Home,2858
1635,Shoes 418,Home,-200
1636,Watch 497,CLOTHING,0
1637,Headphones 67,Electronics,0
1638,Mobile 499,CLOTHING,382
1639,Bag 457,Electronics,0
1640,Camera 463,electronics,0
1641,T-shirt 287,Clothing,2870
1642,Sofa 469,Home,3052
1643,Watch 234,electronics,2716
1644,Bag 13,Electronics,4368
1645,Watch 331,CLOTHING,0
1646,Bag 242,Electronics,-200
1647,T-shirt 185,electronics,1434
1648,Table 216,Clothing,2187
1649,Shoes 195,,2734
1650,T-shirt 25,,0
1651,Camera 90,CLOTHING,4536
1652,Laptop 418,Electronics,1194
1653,Watch 435,electronics,2369
1654,Shoes 231,CLOTHING,1041
1655,Shoes 470,Home,-200
1656,Camera 235,Clothing,719
1657,Shoes 114,Clothing,0
1658,Laptop 304,CLOTHING,566
1659,Mobile 67,CLOTHING,0
1660,Table 476,Home,-200
1661,Laptop 309,CLOTHING,0
1662,Watch 408,Electronics,4429
1663,Laptop 31,CLOTHING,0
1664,Laptop 482,electronics,0
1665,Bag 330,CLOTHING,0
1666,Bag 195,CLOTHING,3776
1667,Camera 483,,-200
1668,Headphones 97,Clothing,0
1669,Laptop 30,Home,0
1670,Sofa 356,Home,0
1671,Sofa 80,,-200
1672,Table 375,Clothing,471
1673,Sofa 169,,-200
1674,Headphones 428,Home,2519
1675,Laptop 261,Electronics,0
1676,Laptop 25,,2990
1677,Bag 170,,786
1678,Bag 158,Electronics,-200
1679,Watch 365,Home,-200
1680,T-shirt 451,,4541
1681,Table 56,Home,-200
1682,Laptop 29,Home,2411
1683,Mobile 136,Electronics,0
1684,Headphones 336,,4160
1685,Sofa 113,electronics,1266
1686,Bag 500,Home,226
1687,Headphones 290,CLOTHING,0
1688,Watch 261,,-200
1689,Mobile 48,Clothing,0
1690,Watch 314,electronics,-200
1691,Table 441,electronics,4154
1692,Camera 481,,0
1693,Bag 333,Electronics,-200
1694,Laptop 391,electronics,4232
1695,Sofa 111,Home,1503
1696,Headphones 292,,0
1697,Sofa 9,Clothing,3980
1698,Table 304,,1357
1699,Mobile 418,electronics,4541
1700,Watch 398,electronics,2862
1701,Camera 144,,-200
1702,Watch 257,Home,2258
1703,T-shirt 195,CLOTHING,2451
1704,Bag 249,,3921
1705,Sofa 55,Home,778
1706,T-shirt 483,Home,300
1707,Table 101,,-200
1708,Laptop 433,,162
1709,Table 300,CLOTHING,-200
1710,Shoes 168,Clothing,138
1711,Watch 122,Home,-200
1712,Shoes 73,Clothing,117
1713,Laptop 379,Electronics,1449
1714,Laptop 320,CLOTHING,0
1715,Table 79,,2366
1716,Bag 392,Home,1154
1717,Table 258,Clothing,1474
1718,Headphones 228,Electronics,910
1719,Sofa 71,Electronics,-200
1720,Bag 348,Clothing,-200
1721,Camera 307,electronics,2954
1722,Laptop 410,Electronics,2846
1723,Headphones 117,CLOTHING,1194
1724,Camera 227,Clothing,0
1725,Watch 321,CLOTHING,4430
1726,Shoes 485,Electronics,1893
1727,Headphones 162,,2291
1728,Camera 272,CLOTHING,0
1729,Watch 419,Clothing,391
1730,Shoes 297,,1187
1731,Sofa 200,Electronics,642
1732,Watch 460,Home,0
1733,Table 312,CLOTHING,1888
1734,T-shirt 264,electronics,4465
1735,Shoes 328,,-200
1736,Watch 286,Electronics,-200
1737,Bag 1,Clothing,672
1738,Headphones 463,Clothing,4081
1739,Shoes 314,Electronics,1788
1740,Shoes 324,CLOTHING,0
1741,Headphones 105,,-200
1742,Sofa 335,Home,592
1743,Shoes 6,Clothing,0
1744,Watch 356,CLOTHING,-200
1745,Mobile 308,,3402
1746,Sofa 163,Clothing,3885
1747,Table 341,Home,4633
1748,Shoes 413,Home,3350
1749,Sofa 257,Clothing,0
1750,Sofa 158,Electronics,561
1751,Sofa 138,electronics,4372
1752,Shoes 36,CLOTHING,567
1753,Table 242,Home,615
1754,Sofa 421,Home,4226
1755,Shoes 57,,656
1756,Sofa 127,Clothing,-200
1757,Shoes 490,CLOTHING,976
1758,Table 180,Clothing,0
1759,Sofa 381,Electronics,2406
1760,Mobile 290,,-200
1761,Table 300,CLOTHING,0
1762,Shoes 327,electronics,279
1763,Camera 282,,3094
1764,Table 153,CLOTHING,0
1765,Camera 352,,0
1766,T-shirt 203,electronics,2590
1767,T-shirt 95,CLOTHING,-200
1768,Mobile 235,,3507
1769,Mobile 385,CLOTHING,-200
1770,T-shirt 426,Clothing,1882
1771,Watch 388,CLOTHING,674
1772,Watch 264,Clothing,2796
1773,Laptop 302,,0
1774,Camera 210,CLOTHING,-200
1775,Shoes 25,electronics,0
1776,Mobile 200,Electronics,3934
1777,Mobile 300,Electronics,0
1778,Camera 369,,-200
1779,Camera 218,Electronics,-200
1780,Camera 248,Clothing,0
1781,Bag 346,electronics,0
1782,Headphones 491,Home,2122
1783,Headphones 427,CLOTHING,4896
1784,Camera 306,Electronics,2070
1785,Sofa 445,Electronics,-200
1786,Mobile 106,electronics,0
1787,Sofa 409,electronics,613
1788,Headphones 443,Home,0
1789,Watch 388,Home,2121
1790,Laptop 50,electronics,-200
1791,Bag 97,electronics,0
1792,Bag 30,electronics,3140
1793,Headphones 431,electronics,1390
1794,Bag 325,Home,1731
1795,Watch 416,electronics,3389
1796,Watch 173,electronics,4715
1797,T-shirt 362,Clothing,3619
1798,Headphones 21,,163
1799,Camera 402,CLOTHING,0
1800,Shoes 385,Home,1165
1801,Headphones 38,Home,0
1802,Table 123,Clothing,0
1803,Camera 199,Electronics,4839
1804,Camera 148,Clothing,1697
1805,Camera 368,,4231
1806,Laptop 299,Home,0
1807,Table 279,Clothing,3444
1808,T-shirt 324,,2493
1809,Camera 177,Home,0
1810,Shoes 215,electronics,4943
1811,Watch 380,Home,1612
1812,Sofa 269,,3422
1813,Watch 135,Home,-200
1814,Watch 383,Electronics,-200
1815,Laptop 35,,4852
1816,Shoes 26,Electronics,3710
1817,Table 119,electronics,3032
1818,Watch 327,Clothing,0
1819,Table 391,Clothing,0
1820,Mobile 228,,1671
1821,Headphones 336,electronics,0
1822,Table 470,Clothing,2421
1823,Table 483,Home,-200
1824,Shoes 50,CLOTHING,4301
1825,Headphones 226,Electronics,0
1826,Laptop 266,Home,0
1827,Camera 64,Clothing,-200
1828,Mobile 397,Clothing,0
1829,T-shirt 253,electronics,3071
1830,Sofa 361,Electronics,432
1831,Shoes 65,electronics,0
1832,Sofa 432,electronics,622
1833,T-shirt 178,Clothing,3180
1834,Table 346,Clothing,4629
1835,Sofa 419,,0
1836,Laptop 20,Clothing,1266
1837,Camera 148,Electronics,4348
1838,T-shirt 42,CLOTHING,2256
1839,Shoes 370,CLOTHING,1758
1840,Bag 208,,1721
1841,Shoes 139,Home,-200
1842,Camera 354,CLOTHING,-200
1843,Table 284,Clothing,-200
1844,Table 434,Clothing,498
1845,Table 234,Home,2092
1846,Table 266,,-200
1847,T-shirt 335,Electronics,-200
1848,Table 303,Clothing,-200
1849,Bag 207,,2546
1850,T-shirt 127,electronics,789
1851,Mobile 163,CLOTHING,4701
1852,Mobile 458,CLOTHING,2165
1853,T-shirt 436,,4179
1854,Headphones 224,Home,-200
1855,Table 205,Electronics,4450
1856,Mobile 119,CLOTHING,4592
1857,Mobile 436,Home,3739
1858,Shoes 122,electronics,3071
1859,Headphones 477,Clothing,0
1860,Sofa 136,electronics,3467
1861,Bag 245,Clothing,1973
1862,T-shirt 300,Clothing,453
1863,Sofa 42,Home,-200
1864,Table 366,Clothing,-200
1865,Table 160,CLOTHING,0
1866,T-shirt 47,,4891
1867,Laptop 398,electronics,1105
1868,Bag 193,electronics,4611
1869,T-shirt 90,electronics,2565
1870,Laptop 93,electronics,4715
1871,Bag 346,CLOTHING,-200
1872,T-shirt 313,Electronics,1030
1873,T-shirt 323,Clothing,2623
1874,Table 89,CLOTHING,2658
1875,Bag 216,CLOTHING,0
1876,Headphones 81,electronics,242
1877,Mobile 297,Clothing,4292
1878,Bag 332,Electronics,939
1879,Bag 447,Electronics,1355
1880,Laptop 286,Clothing,3219
1881,Bag 171,,0
1882,Headphones 16,electronics,-200
1883,Mobile 338,Electronics,-200
1884,Watch 406,,-200
1885,Camera 425,Clothing,2200
1886,Watch 481,Clothing,0
1887,Watch 133,CLOTHING,2959
1888,T-shirt 206,Clothing,2983
1889,T-shirt 273,,0
1890,Sofa 400,Home,3462
1891,T-shirt 269,Electronics,1898
1892,Bag 447,Clothing,1350
1893,Camera 465,Home,1450
1894,Table 16,CLOTHING,4515
1895,Shoes 71,Home,1678
1896,Table 195,Clothing,-200
1897,Watch 98,CLOTHING,800
1898,Laptop 231,electronics,1700
1899,Bag 293,CLOTHING,764
1900,Table 360,CLOTHING,2937
1901,Shoes 16,electronics,-200
1902,Headphones 231,CLOTHING,3902
1903,Watch 1,Electronics,4634
1904,Watch 317,Clothing,-200
1905,Camera 322,Clothing,0
1906,Sofa 256,Electronics,-200
1907,T-shirt 287,Clothing,1568
1908,Laptop 108,electronics,2805
1909,Mobile 266,electronics,2660
1910,Mobile 468,electronics,-200
1911,Camera 198,CLOTHING,1222
1912,Headphones 387,Electronics,3626
1913,Watch 417,Electronics,4636
1914,Sofa 101,Home,1377
1915,Watch 240,Electronics,0
1916,Camera 29,Home,2592
1917,Bag 477,Home,-200
1918,Camera 467,,-200
1919,Shoes 251,Clothing,-200
1920,Camera 320,Clothing,3619
1921,Sofa 339,CLOTHING,4717
1922,Camera 359,CLOTHING,1997
1923,Sofa 427,CLOTHING,2113
1924,Bag 403,electronics,-200
1925,Watch 241,,4229
1926,Sofa 299,Clothing,1471
1927,T-shirt 469,,1400
1928,Sofa 475,Home,4613
1929,Mobile 327,Clothing,375
1930,Laptop 178,Home,2925
1931,Bag 211,electronics,3189
1932,Headphones 48,electronics,3172
1933,Camera 246,Home,3030
1934,T-shirt 341,CLOTHING,4320
1935,Headphones 430,Home,4380
1936,Bag 326,Home,3286
1937,Mobile 429,Home,1489
1938,Headphones 174,Electronics,2708
1939,Shoes 460,electronics,2257
1940,Camera 492,CLOTHING,193
1941,Laptop 458,Clothing,2572
1942,Camera 157,CLOTHING,3492
1943,Sofa 142,Clothing,425
1944,Headphones 165,,0
1945,Watch 172,Home,161
1946,Table 121,Electronics,-200
1947,Table 115,Clothing,0
1948,T-shirt 160,Clothing,-200
1949,Headphones 118,Home,0
1950,Laptop 360,CLOTHING,0
1951,Laptop 455,CLOTHING,3574
1952,Bag 480,electronics,1022
1953,T-shirt 328,Electronics,-200
1954,Shoes 158,Electronics,4100
1955,Shoes 325,Clothing,-200
1956,Headphones 230,CLOTHING,2891
1957,Watch 470,Clothing,-200
1958,Watch 100,Clothing,0
1959,Shoes 28,Electronics,0
1960,Sofa 213,Electronics,2369
1961,Mobile 169,,0
1962,Shoes 452,,3709
1963,Sofa 425,Electronics,318
1964,Watch 109,CLOTHING,-200
1965,Table 465,Clothing,0
1966,Laptop 243,CLOTHING,1187
1967,Headphones 425,CLOTHING,4383
1968,Headphones 17,,-200
1969,Headphones 211,Home,0
1970,Headphones 255,electronics,3112
1971,Laptop 229,Home,2222
1972,Table 264,,-200
1973,T-shirt 384,electronics,173
1974,Shoes 253,Home,4911
1975,Mobile 188,CLOTHING,952
1976,Headphones 151,CLOTHING,3391
1977,Mobile 145,Electronics,-200
1978,Watch 434,Electronics,4743
1979,Watch 44,,2978
1980,Bag 343,Home,580
1981,Mobile 284,CLOTHING,2641
1982,Laptop 160,Electronics,2338
1983,Mobile 205,,-200
1984,Mobile 340,,2199
1985,Table 288,electronics,143
1986,T-shirt 224,Electronics,-200
1987,Bag 103,Clothing,1287
1988,Camera 52,Clothing,3939
1989,Table 247,Home,0
1990,Bag 176,Electronics,4948
1991,Mobile 15,Home,-200
1992,Table 424,Home,4246
1993,T-shirt 356,Electronics,-200
1994,Shoes 17,Electronics,-200
1995,Mobile 37,Electronics,0
1996,Sofa 142,Electronics,2104
1997,Watch 382,Clothing,1283
1998,Watch 149,Home,0
1999,Laptop 109,Electronics,-200
2000,Camera 286,Clothing,244
2001,Camera 63,electronics,2740
2002,Sofa 82,CLOTHING,0
2003,Bag 27,Electronics,-200
2004,T-shirt 98,CLOTHING,2901
2005,T-shirt 186,CLOTHING,0
2006,Table 71,electronics,0
2007,Camera 460,Clothing,1185
2008,Headphones 438,Electronics,-200
2009,Laptop 268,CLOTHING,4814
2010,Watch 158,electronics,1761
2011,T-shirt 145,electronics,-200
2012,Laptop 135,electronics,2025
2013,Headphones 195,Electronics,-200
2014,T-shirt 224,,4025
2015,Laptop 340,electronics,3849
2016,Table 212,Home,633
2017,Mobile 49,Clothing,4426
2018,Bag 208,Electronics,2671
2019,Table 375,electronics,-200
2020,Camera 413,Home,3866
2021,Shoes 480,CLOTHING,281
2022,T-shirt 149,Home,-200
2023,Watch 239,,0
2024,Shoes 313,,3654
2025,Watch 235,Home,0
2026,T-shirt 396,electronics,1584
2027,Watch 82,Electronics,1510
2028,Laptop 410,Clothing,2106
2029,Watch 470,electronics,1689
2030,Laptop 156,Electronics,-200
2031,Mobile 196,electronics,0
2032,Camera 370,,2638
2033,Shoes 292,Electronics,-200
2034,Headphones 319,Home,0
2035,Mobile 64,Electronics,0
2036,Bag 240,,0
2037,Laptop 489,Electronics,2426
2038,Camera 373,Home,3670
2039,Bag 12,Electronics,4539
2040,Mobile 52,,-200
2041,Laptop 334,Electronics,-200
2042,Sofa 259,CLOTHING,0
2043,T-shirt 240,electronics,0
2044,Camera 221,Electronics,1104
2045,Watch 11,Clothing,-200
2046,T-shirt 302,Home,-200
2047,Sofa 434,CLOTHING,2496
2048,Watch 18,Home,4364
2049,Table 228,Clothing,1007
2050,Shoes 2,Electronics,859
2051,Table 11,Clothing,-200
2052,Table 287,Electronics,4575
2053,Mobile 201,electronics,619
2054,Camera 477,CLOTHING,1576
2055,Mobile 20,Electronics,0
2056,Camera 80,Clothing,0
2057,Watch 393,CLOTHING,390
2058,Bag 119,Clothing,-200
2059,Watch 33,,4394
2060,Watch 182,CLOTHING,0
2061,T-shirt 153,Electronics,772
2062,Shoes 309,Home,3418
2063,Sofa 110,Electronics,4326
2064,Laptop 192,,1346
2065,Camera 148,CLOTHING,-200
2066,Sofa 310,Home,1377
2067,Table 221,Home,311
2068,Shoes 213,,0
2069,Camera 342,Home,0
2070,Shoes 340,Home,0
2071,Shoes 157,electronics,3844
2072,Table 330,electronics,0
2073,Camera 136,Electronics,0
2074,Watch 272,CLOTHING,-200
2075,T-shirt 485,Clothing,4936
2076,Mobile 484,electronics,3804
2077,Watch 179,Home,0
2078,Mobile 375,Electronics,4595
2079,Laptop 32,Electronics,2607
2080,Sofa 183,Clothing,0
2081,Table 405,Clothing,4803
2082,Shoes 436,CLOTHING,-200
2083,Bag 116,Electronics,0
2084,T-shirt 320,CLOTHING,108
2085,T-shirt 101,Electronics,0
2086,Bag 362,Home,0
2087,T-shirt 306,Home,2711
2088,Mobile 131,CLOTHING,1080
2089,Bag 1,CLOTHING,4802
2090,Camera 270,Electronics,4969
2091,T-shirt 327,electronics,-200
2092,Headphones 240,electronics,4933
2093,Laptop 362,electronics,-200
2094,Headphones 469,Home,-200
2095,Bag 373,,1190
2096,Laptop 334,Electronics,4287
2097,Laptop 279,,2386
2098,T-shirt 362,Clothing,3329
2099,Headphones 484,electronics,0
2100,Sofa 267,CLOTHING,0
2101,Camera 351,Electronics,0
2102,Table 375,Clothing,0
2103,Bag 160,electronics,793
2104,Shoes 282,Clothing,1029
2105,Watch 264,,0
2106,Shoes 364,electronics,0
2107,Headphones 108,Electronics,1788
2108,Bag 493,electronics,3379
2109,Headphones 300,Clothing,267
2110,Shoes 290,,453
2111,Table 83,,3463
2112,Headphones 187,Home,860
2113,Headphones 169,,2266
2114,Laptop 207,Clothing,-200
2115,Headphones 78,Clothing,-200
2116,T-shirt 368,CLOTHING,1565
2117,Sofa 182,Clothing,4976
2118,Laptop 245,,-200
2119,Headphones 195,Clothing,0
2120,Camera 466,,-200
2121,T-shirt 357,,3154
2122,Headphones 325,Home,3646
2123,Table 113,Home,2046
2124,Shoes 54,Electronics,379
2125,Sofa 347,,0
2126,Sofa 59,Electronics,4727
2127,Shoes 212,Home,4873
2128,Mobile 301,electronics,505
2129,Headphones 469,Clothing,838
2130,Camera 85,CLOTHING,2452
2131,Headphones 161,CLOTHING,1875
2132,Camera 398,electronics,134
2133,Bag 155,CLOTHING,1374
2134,Table 401,Clothing,2795
2135,Shoes 412,CLOTHING,1240
2136,Watch 252,,-200
2137,Watch 478,Home,0
2138,Laptop 99,,0
2139,Table 427,,902
2140,Watch 262,Home,4314
2141,Table 167,Electronics,-200
2142,Mobile 285,CLOTHING,296
2143,Mobile 396,Electronics,261
2144,Shoes 157,electronics,2161
2145,Table 198,Clothing,3600
2146,Shoes 253,Clothing,4624
2147,Laptop 442,,0
2148,Watch 389,electronics,0
2149,T-shirt 190,Electronics,2930
2150,Mobile 473,Clothing,-200
2151,Headphones 322,Clothing,1892
2152,Headphones 69,Clothing,3927
2153,Bag 53,CLOTHING,1734
2154,Watch 217,,2050
2155,Watch 42,Clothing,0
2156,Bag 411,,-200
2157,Sofa 354,Electronics,-200
2158,Camera 357,Clothing,393
2159,Mobile 110,Electronics,3030
2160,T-shirt 210,Clothing,0
2161,Laptop 354,CLOTHING,0
2162,Bag 226,Home,4295
2163,Watch 483,CLOTHING,1311
2164,Sofa 3,Electronics,3138
2165,T-shirt 348,electronics,0
2166,Camera 223,CLOTHING,0
2167,Camera 401,Home,4292
2168,Bag 44,CLOTHING,3004
2169,T-shirt 494,electronics,0
2170,Table 468,Clothing,-200
2171,Mobile 326,Electronics,1104
2172,Watch 321,,1572
2173,Headphones 487,Clothing,3748
2174,Headphones 197,Clothing,2381
2175,Bag 164,,0
2176,Headphones 427,,-200
2177,Laptop 56,,2734
2178,Mobile 491,CLOTHING,3870
2179,Shoes 28,Home,173
2180,T-shirt 118,Electronics,2857
2181,Mobile 473,Clothing,416
2182,Sofa 171,electronics,0
2183,Bag 314,,581
2184,T-shirt 458,Home,-200
2185,Headphones 474,electronics,4664
2186,T-shirt 26,Home,-200
2187,Shoes 440,CLOTHING,984
2188,Mobile 397,electronics,4941
2189,Shoes 338,Home,0
2190,Shoes 82,Clothing,2009
2191,Laptop 238,,4120
2192,T-shirt 48,Electronics,4795
2193,Sofa 182,Clothing,-200
2194,Camera 271,Electronics,-200
2195,T-shirt 263,electronics,1249
2196,Table 316,Clothing,2339
2197,Laptop 149,Electronics,0
2198,Table 192,electronics,-200
2199,Bag 220,electronics,4399
2200,T-shirt 220,Home,3178
2201,Bag 283,electronics,1056
2202,Sofa 396,Electronics,3923
2203,Table 327,,1846
2204,Laptop 158,CLOTHING,161
2205,Watch 443,Clothing,-200
2206,Headphones 218,Electronics,978
2207,Bag 178,CLOTHING,0
2208,Shoes 171,electronics,2591
2209,Camera 456,,979
2210,T-shirt 202,electronics,3984
2211,T-shirt 368,CLOTHING,3514
2212,Laptop 278,electronics,609
2213,Watch 355,,-200
2214,Watch 210,Home,2851
2215,Camera 272,Electronics,-200
2216,Headphones 349,Clothing,3113
2217,Laptop 168,electronics,3577
2218,Laptop 315,,983
2219,Camera 395,CLOTHING,-200
2220,Bag 382,CLOTHING,4352
2221,Mobile 134,Home,3798
2222,Sofa 39,CLOTHING,2421
2223,T-shirt 403,Clothing,0
2224,Sofa 123,Clothing,0
2225,Shoes 35,Electronics,647
2226,Shoes 195,CLOTHING,2990
2227,Laptop 308,Clothing,309
2228,Sofa 294,,0
2229,Table 222,electronics,0
2230,Headphones 304,,-200
2231,T-shirt 169,,4725
2232,Bag 469,Home,0
2233,Table 306,Home,0
2234,T-shirt 130,Home,0
2235,Bag 202,,0
2236,T-shirt 500,,185
2237,Mobile 348,electronics,0
2238,Table 74,CLOTHING,4962
2239,Camera 176,electronics,-200
2240,Laptop 423,Electronics,0
2241,Sofa 284,Electronics,-200
2242,Bag 430,Clothing,-200
2243,Bag 372,Electronics,0
2244,Mobile 464,Electronics,2475
2245,T-shirt 293,CLOTHING,2922
2246,Laptop 38,Clothing,734
2247,Watch 69,electronics,-200
2248,Camera 197,Clothing,0
2249,Camera 221,Electronics,0
2250,Headphones 140,Home,0
2251,Table 222,,2850
2252,Camera 454,CLOTHING,3695
2253,Camera 8,Home,-200
2254,Table 38,,-200
2255,Table 119,CLOTHING,915
2256,Sofa 155,Electronics,2180
2257,Shoes 487,Home,144
2258,Mobile 339,CLOTHING,3706
2259,Mobile 286,Clothing,0
2260,Headphones 400,electronics,665
2261,T-shirt 168,Home,4611
2262,T-shirt 222,,-200
2263,Table 447,CLOTHING,-200
2264,Laptop 36,electronics,3565
2265,Bag 441,CLOTHING,0
2266,Shoes 213,Electronics,817
2267,Shoes 426,CLOTHING,2928
2268,Watch 363,,-200
2269,Headphones 480,,3618
2270,Shoes 475,electronics,4227
2271,Bag 315,CLOTHING,1960
2272,Sofa 305,electronics,3201
2273,Table 51,,-200
2274,T-shirt 238,Home,0
2275,Bag 409,,858
2276,Camera 332,electronics,673
2277,Headphones 85,,0
2278,Camera 423,electronics,-200
2279,Mobile 449,Home,-200
2280,Shoes 357,electronics,1367
2281,Headphones 402,CLOTHING,429
2282,Laptop 121,Clothing,584
2283,Shoes 77,Clothing,2609
2284,Shoes 247,,2399
2285,Camera 347,,3395
2286,Table 159,CLOTHING,3050
2287,Shoes 311,electronics,1787
2288,T-shirt 86,,3015
2289,T-shirt 443,electronics,0
2290,Watch 412,electronics,-200
2291,Watch 195,CLOTHING,125
2292,Camera 195,CLOTHING,0
2293,Bag 186,electronics,3504
2294,Shoes 390,electronics,2673
2295,Camera 381,,2274
2296,T-shirt 231,,3605
2297,Mobile 463,Electronics,-200
2298,Camera 46,Electronics,-200
2299,Camera 351,Clothing,0
2300,Sofa 462,,2423
2301,Table 319,Home,-200
2302,Camera 424,CLOTHING,533
2303,T-shirt 323,,442
2304,Watch 181,Clothing,4993
2305,Sofa 464,electronics,4217
2306,Bag 40,,3070
2307,Bag 19,electronics,4530
2308,Bag 168,Home,-200
2309,Mobile 389,Clothing,2562
2310,Mobile 497,CLOTHING,-200
2311,Mobile 293,Home,0
2312,T-shirt 339,Electronics,-200
2313,T-shirt 202,CLOTHING,2057
2314,T-shirt 238,,3086
2315,Sofa 76,Electronics,-200
2316,Bag 434,Clothing,0
2317,Table 171,Electronics,1468
2318,Watch 135,electronics,-200
2319,Headphones 215,Electronics,0
2320,Laptop 452,electronics,0
2321,Camera 160,Clothing,674
2322,Bag 397,Home,4257
2323,Sofa 480,electronics,-200
2324,T-shirt 219,Clothing,-200
2325,Laptop 497,Home,3626
2326,Watch 240,CLOTHING,-200
2327,Mobile 414,Clothing,822
2328,Headphones 361,Electronics,2943
2329,Headphones 184,CLOTHING,4162
2330,Laptop 61,,-200
2331,Laptop 89,Electronics,-200
2332,Shoes 182,Clothing,1652
2333,Shoes 358,Clothing,3399
2334,Table 117,electronics,3947
2335,Laptop 51,CLOTHING,2878
2336,Bag 279,CLOTHING,0
2337,Headphones 46,Home,959
2338,Bag 405,CLOTHING,2419
2339,Bag 214,Home,902
2340,Shoes 212,electronics,2623
2341,Bag 357,Electronics,4404
2342,T-shirt 134,CLOTHING,2171
2343,Watch 311,Clothing,-200
2344,Bag 472,CLOTHING,0
2345,Shoes 390,,3832
2346,Mobile 157,Electronics,3289
2347,Bag 160,electronics,-200
2348,Bag 121,electronics,161
2349,Sofa 424,Clothing,-200
2350,Table 474,CLOTHING,993
2351,T-shirt 374,Home,3981
2352,Sofa 249,Home,0
2353,Table 70,Electronics,1554
2354,Shoes 171,,0
2355,Watch 251,Clothing,2465
2356,Bag 160,,0
2357,T-shirt 225,electronics,2078
2358,Table 311,CLOTHING,-200
2359,Watch 498,,151
2360,Headphones 210,Clothing,4179
2361,Laptop 409,Clothing,0
2362,Sofa 322,Home,3071
2363,Sofa 169,Clothing,-200
2364,Mobile 221,CLOTHING,-200
2365,Watch 128,,0
2366,Sofa 295,electronics,-200
2367,Bag 229,Home,967
2368,Bag 454,Clothing,1605
2369,Mobile 174,Clothing,0
2370,Camera 304,,3427
2371,Camera 427,electronics,0
2372,Mobile 358,CLOTHING,1523
2373,Table 135,CLOTHING,4709
2374,Laptop 176,Electronics,3424
2375,Table 107,Clothing,4218
2376,Camera 65,CLOTHING,-200
2377,Shoes 28,,0
2378,Laptop 341,Home,3641
2379,Bag 220,,0
2380,Headphones 391,Electronics,3245
2381,Bag 197,Clothing,3311
2382,Mobile 76,electronics,4154
2383,Shoes 99,Clothing,1916
2384,Bag 45,,2667
2385,Shoes 81,Home,-200
2386,Laptop 193,CLOTHING,2686
2387,Table 316,CLOTHING,-200
2388,Sofa 94,Clothing,0
2389,Mobile 108,Clothing,1676
2390,Table 45,CLOTHING,734
2391,Headphones 230,electronics,4112
2392,Table 359,Electronics,-200
2393,Headphones 161,,546
2394,T-shirt 106,CLOTHING,0
2395,Watch 484,Clothing,1412
2396,Shoes 113,CLOTHING,987
2397,Watch 90,CLOTHING,1854
2398,Shoes 393,Clothing,-200
2399,Bag 20,Home,4801
2400,Bag 73,Electronics,-200
2401,Headphones 440,CLOTHING,3667
2402,Watch 11,Clothing,2913
2403,Sofa 33,Home,-200
2404,Mobile 335,electronics,3402
2405,Camera 480,CLOTHING,3288
2406,Bag 199,Clothing,0
2407,Table 119,Electronics,-200
2408,Sofa 98,Electronics,892
2409,Sofa 278,Home,3456
2410,Headphones 331,Home,-200
2411,Watch 123,,-200
2412,T-shirt 78,CLOTHING,3457
2413,Shoes 33,Clothing,3566
2414,Sofa 357,CLOTHING,-200
2415,Camera 198,Clothing,0
2416,Table 43,Clothing,2054
2417,Headphones 466,Clothing,2234
2418,Shoes 64,Home,3112
2419,T-shirt 304,Electronics,0
2420,Camera 474,Home,2579
2421,Headphones 213,electronics,4638
2422,Mobile 279,electronics,3242
2423,Laptop 447,Electronics,0
2424,Sofa 173,Home,977
2425,T-shirt 4,electronics,4049
2426,Shoes 269,,0
2427,Sofa 478,CLOTHING,1626
2428,Sofa 336,,0
2429,T-shirt 349,electronics,-200
2430,Mobile 1,CLOTHING,-200
2431,Camera 107,CLOTHING,0
2432,Mobile 82,Clothing,4777
2433,Headphones 87,Home,4735
2434,Mobile 454,CLOTHING,0
2435,Bag 402,,0
2436,T-shirt 282,CLOTHING,4342
2437,Laptop 360,Home,2221
2438,Watch 82,CLOTHING,1287
2439,Sofa 245,Electronics,-200
2440,Shoes 147,electronics,0
2441,Camera 336,Electronics,-200
2442,T-shirt 81,electronics,0
2443,Shoes 410,Clothing,650
2444,Headphones 260,,0
2445,T-shirt 67,CLOTHING,-200
2446,Table 51,Home,0
2447,Bag 155,Clothing,0
2448,Headphones 245,Electronics,0
2449,Laptop 29,Home,0
2450,Sofa 412,Clothing,0
2451,Sofa 384,Clothing,-200
2452,Bag 402,,0
2453,Headphones 232,electronics,-200
2454,Mobile 317,,0
2455,Sofa 393,Home,1976
2456,T-shirt 187,Home,-200
2457,Bag 327,,4748
2458,Camera 87,Electronics,0
2459,Bag 371,Clothing,0
2460,Camera 49,,3119
2461,Headphones 499,Clothing,0
2462,Headphones 249,Electronics,3265
2463,Bag 474,electronics,-200
2464,Shoes 382,CLOTHING,-200
2465,T-shirt 491,CLOTHING,1350
2466,T-shirt 381,Electronics,1044
2467,Table 190,Electronics,-200
2468,Camera 274,CLOTHING,1480
2469,T-shirt 19,,1870
2470,T-shirt 435,Electronics,3913
2471,Camera 326,,1246
2472,Headphones 80,Electronics,0
2473,Camera 400,Clothing,3937
2474,Shoes 140,Electronics,0
2475,T-shirt 221,,0
2476,Laptop 256,Clothing,2882
2477,Headphones 2,,3580
2478,Headphones 442,CLOTHING,423
2479,T-shirt 408,,-200
2480,Bag 83,electronics,0
2481,Camera 96,Home,4587
2482,T-shirt 456,,4997
2483,T-shirt 186,Home,0
2484,Bag 128,CLOTHING,1500
2485,Laptop 427,Electronics,245
2486,Table 84,Home,4226
2487,Watch 54,electronics,0
2488,Watch 7,,1877
2489,Watch 10,CLOTHING,-200
2490,Camera 53,Home,0
2491,Headphones 236,electronics,4611
2492,Bag 177,CLOTHING,1829
2493,Shoes 450,CLOTHING,-200
2494,Headphones 31,CLOTHING,3845
2495,Camera 211,Clothing,4539
2496,Watch 454,,4902
2497,Camera 270,,2297
2498,Camera 434,CLOTHING,-200
2499,Watch 299,,2324
2500,Mobile 75,,-200
2501,Camera 9,,0
2502,Table 497,electronics,1636
2503,Laptop 360,,2893
2504,Table 127,electronics,0
2505,Bag 227,Electronics,4323
2506,Bag 268,electronics,764
2507,Table 81,electronics,4688
2508,Laptop 494,Clothing,3327
2509,Bag 226,Home,0
2510,Watch 76,Electronics,833
2511,Sofa 106,electronics,-200
2512,Headphones 11,Clothing,621
2513,Table 455,electronics,-200
2514,Shoes 468,Home,934
2515,Mobile 176,Electronics,2702
2516,Shoes 318,,0
2517,Watch 328,electronics,1501
2518,T-shirt 228,Clothing,0
2519,Table 49,Home,4273
2520,Bag 80,electronics,3653
2521,Headphones 455,Home,1021
2522,Watch 482,,2689
2523,Table 455,CLOTHING,3621
2524,Headphones 3,CLOTHING,1635
2525,Camera 476,Home,1725
2526,Shoes 256,,3880
2527,Headphones 68,Electronics,2291
2528,Watch 500,electronics,1104
2529,Table 147,Clothing,0
2530,Shoes 475,electronics,2917
2531,Mobile 293,,3144
2532,Camera 194,Home,-200
2533,T-shirt 91,,1995
2534,Headphones 69,CLOTHING,-200
2535,Sofa 197,,-200
2536,Table 305,Electronics,4872
2537,Laptop 43,electronics,4130
2538,Mobile 91,,-200
2539,Table 236,Clothing,4714
2540,Laptop 161,Clothing,1033
2541,Sofa 195,Home,4077
2542,Sofa 306,Home,181
2543,Headphones 115,Clothing,-200
2544,Laptop 138,electronics,-200
2545,Watch 165,electronics,2781
2546,Bag 156,CLOTHING,0
2547,Camera 23,Electronics,1722
2548,T-shirt 217,Electronics,2640
2549,Camera 145,Electronics,3794
2550,Sofa 454,electronics,-200
2551,Sofa 278,Clothing,173
2552,Headphones 388,,0
2553,T-shirt 47,CLOTHING,-200
2554,Mobile 316,CLOTHING,368
2555,T-shirt 191,electronics,-200
2556,Table 193,Home,-200
2557,Camera 49,CLOTHING,4986
2558,Table 204,electronics,236
2559,Camera 266,Home,4093
2560,Camera 168,Electronics,3308
2561,Camera 24,CLOTHING,0
2562,Laptop 489,Clothing,3496
2563,Mobile 187,Electronics,1692
2564,Bag 306,Clothing,4616
2565,Camera 461,Home,3622
2566,Sofa 200,,-200
2567,Camera 263,Electronics,-200
2568,Laptop 109,,488
2569,Table 450,Home,4153
2570,Headphones 385,electronics,0
2571,Headphones 404,Home,0
2572,Headphones 94,CLOTHING,0
2573,Watch 147,,784
2574,Mobile 481,Home,-200
2575,Watch 483,Clothing,3043
2576,T-shirt 304,CLOTHING,1503
2577,Headphones 135,,2041
2578,Watch 183,Clothing,0
2579,T-shirt 402,electronics,2916
2580,Camera 284,Home,-200
2581,Headphones 432,Electronics,0
2582,Mobile 256,Electronics,0
2583,Headphones 159,Clothing,849
2584,T-shirt 213,Electronics,-200
2585,Laptop 94,Home,-200
2586,Shoes 165,electronics,1151
2587,Camera 310,Clothing,4009
2588,Watch 411,Home,0
2589,T-shirt 301,CLOTHING,-200
2590,Mobile 199,Clothing,3676
2591,Laptop 141,,0
2592,Shoes 29,CLOTHING,-200
2593,Bag 311,Electronics,3381
2594,Watch 422,Clothing,0
2595,Headphones 80,Home,0
2596,Sofa 380,Home,960
2597,Shoes 262,Clothing,4577
2598,Shoes 420,Clothing,3239
2599,Shoes 490,electronics,0
2600,T-shirt 469,Electronics,4384
2601,Table 279,Home,1580
2602,T-shirt 338,CLOTHING,2093
2603,Laptop 275,Home,504
2604,Sofa 483,Clothing,0
2605,Camera 350,Clothing,0
2606,Watch 30,Clothing,2992
2607,Laptop 55,Electronics,-200
2608,Bag 165,Clothing,0
2609,Mobile 429,,0
2610,Sofa 316,Home,3083
2611,Shoes 400,Electronics,1710
2612,Camera 474,Electronics,4522
2613,T-shirt 19,Electronics,-200
2614,Headphones 22,Home,2753
2615,Bag 26,Clothing,3884
2616,Bag 132,Electronics,0
2617,T-shirt 391,,2921
2618,Shoes 423,Home,1443
2619,Mobile 463,CLOTHING,4249
2620,Bag 436,,2394
2621,Shoes 156,CLOTHING,-200
2622,Headphones 16,,0
2623,Camera 444,CLOTHING,-200
2624,Shoes 106,electronics,-200
2625,Sofa 252,Home,-200
2626,Sofa 245,electronics,-200
2627,Mobile 481,Clothing,4781
2628,Bag 429,electronics,3523
2629,Camera 403,Home,4506
2630,Camera 387,CLOTHING,-200
2631,Table 207,Clothing,-200
2632,Watch 369,electronics,1452
2633,Mobile 432,CLOTHING,0
2634,Camera 460,electronics,-200
2635,Mobile 389,CLOTHING,4460
2636,Shoes 311,Home,-200
2637,Bag 2,Clothing,313
2638,Mobile 91,electronics,4279
2639,Mobile 327,CLOTHING,-200
2640,Shoes 45,Electronics,3692
2641,Table 446,electronics,0
2642,Bag 405,CLOTHING,2934
2643,Watch 439,CLOTHING,418
2644,Table 167,Electronics,1662
2645,Mobile 418,Clothing,0
2646,T-shirt 176,Home,1859
2647,Mobile 238,Clothing,-200
2648,Laptop 271,electronics,4848
2649,Headphones 63,Home,0
2650,Sofa 270,Electronics,0
2651,Sofa 75,,3614
2652,Mobile 273,Home,4553
2653,Mobile 371,Home,-200
2654,Sofa 77,electronics,0
2655,Sofa 437,electronics,-200
2656,Headphones 9,Clothing,3776
2657,T-shirt 233,,-200
2658,Sofa 266,Electronics,2441
2659,Laptop 180,CLOTHING,3194
2660,T-shirt 17,Home,3766
2661,Watch 84,electronics,418
2662,Sofa 331,CLOTHING,1381
2663,Laptop 309,Clothing,4954
2664,Laptop 111,Clothing,1945
2665,Bag 45,electronics,-200
2666,Shoes 7,,2770
2667,Table 313,CLOTHING,-200
2668,Table 188,Electronics,0
2669,Sofa 75,CLOTHING,2895
2670,Laptop 171,CLOTHING,0
2671,Table 252,Home,0
2672,Headphones 462,Home,288
2673,Watch 364,Clothing,2539
2674,Camera 7,,4447
2675,Headphones 499,Home,4804
2676,Table 282,Clothing,-200
2677,Sofa 425,CLOTHING,534
2678,Shoes 76,Home,-200
2679,Mobile 435,Electronics,-200
2680,Table 304,CLOTHING,1824
2681,T-shirt 359,Home,-200
2682,Sofa 450,,-200
2683,Bag 40,,-200
2684,Watch 371,Clothing,4443
2685,Table 353,,1149
2686,Bag 188,electronics,1593
2687,Camera 372,Electronics,0
2688,Table 421,Home,0
2689,Mobile 43,Home,0
2690,Shoes 123,CLOTHING,4486
2691,Mobile 3,Clothing,-200
2692,T-shirt 402,electronics,4755
2693,Headphones 440,Clothing,1178
2694,Laptop 206,Home,-200
2695,Sofa 62,Clothing,2895
2696,T-shirt 151,Clothing,0
2697,Mobile 183,,2677
2698,Table 329,electronics,619
2699,T-shirt 35,Home,0
2700,Bag 76,electronics,0
2701,Camera 383,CLOTHING,294
2702,Sofa 461,Home,412
2703,Headphones 439,,970
2704,Sofa 430,electronics,0
2705,Camera 161,Home,-200
2706,Table 27,Electronics,0
2707,Laptop 269,electronics,3077
2708,Laptop 291,Home,0
2709,Camera 490,Electronics,4476
2710,Laptop 351,Electronics,2566
2711,Mobile 329,CLOTHING,1060
2712,Laptop 309,,1661
2713,Mobile 439,,909
2714,Table 276,Electronics,-200
2715,Bag 402,electronics,1089
2716,Sofa 146,Clothing,0
2717,Headphones 106,Home,3858
2718,Laptop 162,,-200
2719,Shoes 497,,877
2720,Table 193,Electronics,0
2721,Table 265,Clothing,2541
2722,Watch 399,electronics,801
2723,Bag 449,,1122
2724,Camera 424,,4546
2725,T-shirt 217,Clothing,-200
2726,Bag 437,Home,1301
2727,Headphones 323,Home,3907
2728,Sofa 121,electronics,0
2729,Headphones 416,Electronics,4718
2730,Headphones 314,,3303
2731,Table 92,CLOTHING,3004
2732,Mobile 482,CLOTHING,4292
2733,Mobile 85,Electronics,0
2734,Sofa 50,,2242
2735,Bag 236,Electronics,890
2736,Camera 465,Home,2623
2737,Sofa 144,Home,590
2738,Shoes 464,Electronics,1647
2739,Camera 269,,1356
2740,Headphones 418,electronics,0
2741,Bag 286,Clothing,4052
2742,Table 133,,-200
2743,Shoes 304,Electronics,4952
2744,Bag 92,Home,3328
2745,Table 296,,-200
2746,Laptop 81,Home,2475
2747,Headphones 305,Home,3456
2748,Table 398,Clothing,4098
2749,Shoes 27,Home,3459
2750,T-shirt 292,,638
2751,Bag 20,CLOTHING,3922
2752,Laptop 108,,-200
2753,T-shirt 183,Electronics,-200
2754,T-shirt 1,CLOTHING,2885
2755,Mobile 78,Home,2400
2756,Shoes 248,Electronics,2483
2757,Laptop 493,Home,148
2758,Table 430,electronics,0
2759,Camera 223,Clothing,3536
2760,Sofa 467,Clothing,-200
2761,Laptop 27,Clothing,0
2762,Mobile 216,Electronics,4894
2763,Shoes 41,electronics,1147
2764,Table 472,Clothing,0
2765,Laptop 125,Electronics,3817
2766,Headphones 444,Clothing,2031
2767,Camera 497,CLOTHING,3189
2768,Shoes 381,Electronics,2296
2769,T-shirt 69,Electronics,2552
2770,Mobile 495,Electronics,-200
2771,Table 150,Home,-200
2772,Shoes 73,,0
2773,Sofa 9,Electronics,833
2774,Mobile 17,CLOTHING,3949
2775,Shoes 6,,0
2776,Mobile 16,Electronics,2461
2777,Shoes 369,Electronics,757
2778,Mobile 441,,0
2779,Mobile 395,Electronics,4689
2780,Mobile 496,,1951
2781,Camera 98,Electronics,-200
2782,Mobile 348,CLOTHING,3760
2783,Shoes 500,,2859
2784,Bag 190,Home,2081
2785,Camera 498,CLOTHING,2266
2786,Table 13,Home,-200
2787,Sofa 55,Clothing,-200
2788,Sofa 5,Clothing,0
2789,Bag 263,electronics,0
2790,Camera 219,electronics,0
2791,Shoes 375,,4675
2792,Camera 494,Home,0
2793,Shoes 276,Electronics,0
2794,Table 470,CLOTHING,-200
2795,Watch 64,electronics,-200
2796,Shoes 160,,0
2797,Mobile 141,Clothing,1495
2798,Bag 3,Clothing,4022
2799,Bag 209,Electronics,2233
2800,Headphones 198,electronics,295
2801,Laptop 260,Home,2836
2802,Sofa 105,Electronics,0
2803,Laptop 433,,550
2804,Laptop 198,,2116
2805,Sofa 90,,4138
2806,Watch 441,Home,654
2807,Table 424,Electronics,4266
2808,T-shirt 159,electronics,171
2809,Watch 221,,2642
2810,Headphones 325,,0
2811,Camera 95,Clothing,855
2812,Headphones 322,,-200
2813,Bag 194,Clothing,4808
2814,Shoes 419,Home,4422
2815,Camera 52,Clothing,3550
2816,Headphones 39,Home,0
2817,Sofa 277,,1408
2818,Mobile 226,electronics,-200
2819,Table 417,Clothing,4124
2820,Sofa 153,Electronics,1466
2821,Sofa 320,Clothing,3190
2822,Bag 236,,0
2823,Laptop 258,Home,0
2824,Shoes 258,Clothing,3913
2825,Mobile 312,CLOTHING,-200
2826,Watch 419,Electronics,1251
2827,Laptop 168,CLOTHING,134
2828,Sofa 36,,1433
2829,Table 271,Electronics,3106
2830,T-shirt 307,electronics,2699
2831,Laptop 354,Electronics,1679
2832,Headphones 407,CLOTHING,1685
2833,Bag 45,Electronics,-200
2834,Bag 28,,2005
2835,Shoes 72,Electronics,4999
2836,T-shirt 29,CLOTHING,0
2837,Watch 291,Home,0
2838,Mobile 295,electronics,605
2839,Shoes 302,Clothing,1509
2840,Sofa 212,Electronics,1970
2841,Mobile 169,CLOTHING,-200
2842,Laptop 102,Home,903
2843,Headphones 266,Clothing,3200
2844,Bag 81,electronics,3937
2845,T-shirt 89,electronics,4373
2846,Laptop 37,,0
2847,T-shirt 438,CLOTHING,-200
2848,Sofa 400,electronics,0
2849,Mobile 111,Electronics,-200
2850,Bag 220,Clothing,922
2851,Bag 133,CLOTHING,4489
2852,Laptop 264,Home,877
2853,Laptop 485,,-200
2854,Table 135,Electronics,-200
2855,Shoes 64,electronics,0
2856,Bag 76,Home,-200
2857,Sofa 244,,0
2858,Watch 343,electronics,3548
2859,Sofa 13,Clothing,2420
2860,Headphones 165,Clothing,0
2861,Headphones 142,CLOTHING,-200
2862,Headphones 308,,2798
2863,Bag 230,,2790
2864,Camera 216,,4094
2865,Camera 274,Clothing,249
2866,Headphones 360,Clothing,2989
2867,Bag 112,Home,2056
2868,Laptop 91,Clothing,1034
2869,Camera 172,CLOTHING,0
2870,T-shirt 281,electronics,0
2871,Mobile 495,Home,-200
2872,T-shirt 102,electronics,1734
2873,Bag 285,electronics,3437
2874,Bag 224,Home,3490
2875,Mobile 2,Electronics,-200
2876,Headphones 475,Electronics,0
2877,T-shirt 460,,-200
2878,Sofa 14,electronics,3841
2879,Laptop 26,,1238
2880,Shoes 378,,3639
2881,Laptop 124,,2061
2882,Camera 297,Home,4291
2883,Shoes 191,CLOTHING,3517
2884,Watch 464,CLOTHING,-200
2885,Watch 287,Electronics,-200
2886,Mobile 76,,4224
2887,Shoes 288,Home,3651
2888,Watch 404,Electronics,3211
2889,Camera 14,Clothing,-200
2890,Mobile 319,CLOTHING,-200
2891,Sofa 46,CLOTHING,-200
2892,Watch 114,CLOTHING,-200
2893,Headphones 434,Home,0
2894,Shoes 389,Clothing,-200
2895,Headphones 196,Clothing,3843
2896,Bag 394,,4722
2897,Sofa 129,CLOTHING,0
2898,Laptop 480,Electronics,4961
2899,Camera 292,Home,0
2900,Camera 205,,0
2901,Watch 436,Electronics,3953
2902,Table 349,Clothing,519
2903,Watch 235,Electronics,3717
2904,Table 442,Electronics,0
2905,Headphones 211,Clothing,0
2906,Laptop 285,,3320
2907,Camera 347,Home,2261
2908,Sofa 154,CLOTHING,1689
2909,T-shirt 383,Clothing,-200
2910,Camera 13,Clothing,-200
2911,Sofa 330,Home,4952
2912,Camera 208,Electronics,-200
2913,Watch 347,,3102
2914,Mobile 115,Electronics,0
2915,Headphones 90,Electronics,0
2916,Shoes 396,Home,1523
2917,Mobile 175,electronics,1241
2918,T-shirt 23,Electronics,-200
2919,Shoes 208,Home,-200
2920,Camera 406,CLOTHING,238
2921,Watch 78,electronics,0
2922,Watch 435,electronics,-200
2923,Table 184,CLOTHING,4657
2924,Laptop 386,,0
2925,Camera 267,Electronics,712
2926,Laptop 112,Electronics,3631
2927,T-shirt 395,electronics,1854
2928,T-shirt 272,,0
2929,Watch 332,Home,4805
2930,Shoes 11,CLOTHING,3216
2931,Table 449,CLOTHING,4484
2932,Mobile 471,electronics,4211
2933,Shoes 284,,4601
2934,Sofa 8,Home,1554
2935,T-shirt 56,Clothing,0
2936,T-shirt 5,Clothing,256
2937,Bag 26,Home,1840
2938,Bag 337,Home,907
2939,Laptop 391,CLOTHING,930
2940,Bag 422,Electronics,1112
2941,Table 340,Electronics,2521
2942,Headphones 277,Electronics,664
2943,Mobile 76,Electronics,0
2944,Shoes 476,Home,1333
2945,Bag 410,Clothing,4620
2946,Bag 264,electronics,1627
2947,Sofa 137,Electronics,845
2948,Watch 149,Home,0
2949,Shoes 246,Electronics,-200
2950,Shoes 100,Clothing,2123
2951,Mobile 308,,-200
2952,Table 431,CLOTHING,-200
2953,Table 182,Home,-200
2954,Shoes 44,Clothing,4454
2955,Headphones 28,Electronics,0
2956,Laptop 84,Home,908
2957,T-shirt 346,Clothing,0
2958,Shoes 399,CLOTHING,300
2959,Table 106,Clothing,4777
2960,Shoes 261,,-200
2961,Table 127,,0
2962,Table 234,Clothing,0
2963,Sofa 303,Home,0
2964,Table 227,Electronics,-200
2965,Mobile 3,,4552
2966,T-shirt 204,,0
2967,Camera 391,CLOTHING,3730
2968,T-shirt 245,Home,4297
2969,Headphones 385,Electronics,-200
2970,Camera 186,Clothing,3496
2971,Sofa 180,Clothing,0
2972,Shoes 320,,2838
2973,Shoes 150,Clothing,4590
2974,T-shirt 114,electronics,-200
2975,Headphones 475,Electronics,700
2976,Table 136,electronics,0
2977,Camera 195,Home,1914
2978,Bag 218,,4011
2979,Watch 79,Clothing,3462
2980,Table 276,Clothing,1405
2981,T-shirt 110,Electronics,2145
2982,Laptop 484,electronics,0
2983,Shoes 143,Electronics,-200
2984,Sofa 413,CLOTHING,790
2985,Table 42,Home,3655
2986,Headphones 321,Clothing,0
2987,Camera 462,,3117
2988,Camera 50,CLOTHING,-200
2989,Headphones 97,electronics,2694
2990,Camera 164,,0
2991,Bag 51,,1975
2992,Bag 52,Electronics,3264
2993,Camera 385,Electronics,2647
2994,Mobile 275,,2236
2995,Camera 321,,788
2996,Watch 344,electronics,2036
2997,Laptop 300,Clothing,-200
2998,Laptop 282,Clothing,4259
2999,Camera 450,,906
